N-(5-Chlorobenzoxazol-2-yl)acetamide,35783-57-4,1
(2-Acetoxyethyl)trimethylammonium hydroxide (Acetylcholine),51-84-3,2
Deanol aceglumate,3342-61-8,3
SPIRONOLACTONE,52-01-7,4
Methotrexate,59-05-2,6
6-AMINOCAPROIC ACID,60-32-2,7
Thyropropic acid,51-26-3,9
Trichloroacetic acid,76-03-9,10
Aconitine (principal alkaloid of Aconitum napellus L.),302-27-2,12
Adonis vernalis L. and its preparations,84649-73-0,13
Epinephrine,51-43-4,14
RAUWOLFIA SERPENTINA EXTRACT,90106-13-1,15
TETRAMETHYL DECYNEDIOL,-,16
Isoprenaline,7683-59-2,17
Allyl isothiocyanate,57-06-7,18
Alloclamide,5486-77-1,19
"Nalorphine , its salts and ethers",62-67-9,20
OCTOPAMINE,300-62-9,21
N-NICOTINOYL TYRAMINE,300-62-9,21
N-NICOTINOYL DOPAMINE,300-62-9,21
N-CYCLOHEXANOYL TYRAMINE,300-62-9,21
N-ADAMANTANOYL TYRAMINE,300-62-9,21
Betoxycaine,3818-62-0,23
Zoxazolamine,61-80-3,24
"Procainamide , its salts and derivatives",51-06-9,25
Benzidine,92-87-5,26
"Tuaminoheptane , its isomers and salts",123-82-0,27
Octodrine,543-82-8,28
"2-Amino-1,2-bis(4-methoxyphenyl)ethanol",530-34-7,29
"1,3-Dimethylpentylamine",105-41-9,30
4-Aminosalicylic acid,65-49-6,31
AMMI MAJUS EXTRACT,90320-46-0,35
"2,3-Dichloro-2-methylbutane",507-45-9,36
PRASTERONE,-,37
TESTOSTERONE,-,37
Anthracene oil,120-12-7,38
"Distillates (coal tar), pitch, pyrene fraction",91995-52-7,38
"Distillates (coal tar), pitch",101316-49-8,38
Antibiotics,-,39
ANTIMONY POTASSIUM TARTRATE,7440-36-0,40
APOCYNUM CANNABINUM ROOT EXTRACT,84603-51-0,41
Arsenic and its compounds,7440-38-2,43
Atropa belladonna L. and its preparations,8007-93-0,44
"Atropine, its salts and derivatives",51-55-8,45
BARIUM GLUCONATE,-,46
BARIUM HEXAFERRITE,-,46
BARIUM CHLORIDE,-,46
Benzene,71-43-2,47
Benzimidazol-2(3H)-one,615-16-7,48
Benzazepines and benzodiazepines,12794-10-4,49
1-Dimethylaminomethyl-1-methylpropyl benzoate (amylocaine),644-26-8,50
"2,2,6-Trimethyl-4-piperidyl benzoate (eucaine)",500-34-5,51
Isocarboxazid,59-63-2,52
Bendroflumethiazide and its derivatives,73-48-3,53
EMERALD,7440-41-7,54
"Bromine, elemental",7726-95-6,55
Bretylium tosilate,61-75-6,56
Carbromal,77-65-6,57
Bromisoval,496-67-3,58
Brompheniramine,86-22-6,59
Benzilonium bromide,1050-48-2,60
Tetrylammonium bromide,71-91-0,61
Brucine,357-57-3,62
Tetracaine,94-24-6,63
Mofebutazone,2210-63-1,64
Tolbutamide,64-77-7,65
Carbutamide,339-43-5,66
Phenylbutazone,50-33-9,67
Cadmium and its compounds,7440-43-9,68
"Cantharides, Cantharis vesicatoria",92457-17-5,69
Cantharidine,56-25-7,70
Phenprobamate,673-31-4,71
Nitroderivatives of carbazole,-,72
Carbon disulphide,75-15-0,73
CATALASE,9001-05-2,74
Cephaeline,483-17-0,75
Chenopodium ambrosioides L. (essential oil),8006-99-3,76
"2,2,2-Trichloroethane-1,1-diol",302-17-0,77
Chlorine,7782-50-5,78
Chlorpropamide,94-20-2,79
Chlorzoxazone,95-25-0,82
2-Chloro-6-methylpyrimidin-4-yldimethylamine (crimidine-ISO),535-89-7,83
Chlorprothixene,113-59-7,84
Clofenamide,671-95-4,85
"N,N-bis(2-Chloroethyl)methylamine N-oxide",126-85-2,86
Chlormethine,51-75-2,87
Cyclophosphamide,50-18-0,88
Mannomustine,576-68-1,89
Butanilicaine,3785-21-5,90
Chlormezanone,80-77-3,91
Triparanol,78-41-1,92
Chlorphenoxamine,77-38-3,94
Phenaglycodol,79-93-6,95
Chloroethane,75-00-3,96
CHROMIUM,7440-47-3,97
CONIUM MACULATUM ROOT EXTRACT,85116-75-2,99
Glycyclamide,664-95-9,100
Cobalt benzenesulphonate,23384-69-2,101
"Colchicine, its salts and derivatives",64-86-8,102
Colchicoside and its derivatives,477-29-2,103
Colchicum autumnale L. and its galenical preparations,84696-03-7,104
Convallatoxin,508-75-8,105
Anamirta cocculus L. (fruit),-,106
Croton tiglium L. (oil),8001-28-3,107
1-Butyl-3-(N-crotonoylsulphanilyl)urea,52964-42-8,108
Curare and curarine,8063-06-7,109
Synthetic curarizants,-,110
Hydrogen cyanide,74-90-8,111
Cyclomenol,5591-47-9,113
Sodium hexacyclonate,7009-49-6,114
Hexapropymate,358-52-1,115
"O,O'-Diacetyl-N-allyl-N-normorphine; Diacetylnalorphine",2748-74-5,117
Pipazetate,2167-85-3,118
"5-(alpha,beta-Dibromophenethyl)-5-methylhydantoin",511-75-1,119
Cyclarbamate,5779-54-4,122
Clofenotane ; DDT (ISO),50-29-3,123
ETHYLENE DICHLORIDE,107-06-2,125
Lysergide (LSD),50-37-3,127
2-Diethylaminoethyl 3-hydroxy-4-phenylbenzoate,3572-52-9,128
Cinchocaine,85-79-0,129
3-Diethylaminopropyl cinnamate,538-66-9,130
Methyprylon,125-64-4,133
Digitaline and all heterosides of Digitalis purpurea L.,752-61-4,134
Dioxethedrin,497-75-6,136
Piprocurarium iodide,3562-55-8,137
Propyphenazone,479-92-5,138
Tetrabenazine,58-46-8,139
Captodiame,486-17-9,140
Mefeclorazine,1243-33-0,141
Dimethylamine,124-40-3,142
Methapyrilene,91-80-5,144
Metamfepramone,15351-09-4,145
Amitriptyline,50-48-6,146
Metformin,657-24-9,147
Isosorbide dinitrate,87-33-2,148
Malononitrile,109-77-3,149
Succinonitrile,110-61-2,150
Dinitrophenol isomers,51-28-5,151
Inproquone,436-40-8,152
Dimevamide,60-46-8,153
Diphenylpyraline,147-20-6,154
Sulfinpyrazone,57-96-5,155
Benactyzine,302-40-9,157
Benzatropine,86-13-5,158
Cyclizine,82-92-8,159
"5,5-Diphenyl-4-imidazolidone (Doxenitoin )",3254-93-1,160
Probenecid,57-66-9,161
THIRAM,97-77-8,162
"Emetine, its salts and derivatives",483-18-1,163
Ephedrine,299-42-3,164
Oxanamide and its derivatives,126-93-2,165
Eserine or physostigmine,57-47-6,166
PABA,150-13-0,167
GLYCERYL PABA,150-13-0,167
BUTYL PABA,150-13-0,167
ETHYL PABA,150-13-0,167
DEFINED CELL CULTURE MEDIA,150-13-0,167
CHOLINE CHLORIDE,67-48-1,168
DEFINED CELL CULTURE MEDIA,67-48-1,168
Caramiphen,77-22-5,169
Diethyl 4-nitrophenyl phosphate (Paraoxon - ISO),311-45-5,170
Metethoheptazine,509-84-2,171
Oxpheneridine,546-32-7,172
Ethoheptazine,77-15-6,173
Metheptazine,469-78-3,174
Methylphenidate,113-45-1,175
Doxylamine,469-21-6,176
Tolboxane,2430-46-8,177
4-Benzyloxyphenol and 4-ethoxyphenol,103-16-2,178
Parethoxycaine,94-23-5,179
Fenozolone,15302-16-6,180
Glutethimide,77-21-4,181
Ethylene oxide,75-21-8,182
Bemegride,64-65-3,183
Valnoctamide,4171-13-5,184
Haloperidol,52-86-8,185
Paramethasone,53-33-8,186
Fluanisone,1480-19-9,187
Trifluperidol,749-13-3,188
Fluoresone,2924-67-6,189
Fluorouracil,51-21-8,190
PALMITYL TRIHYDROXYETHYL PROPYLENEDIAMINE DIHYDROFLUORIDE,7664-39-3,191
AMMONIUM HEXAFLUOROPHOSPHATE,7664-39-3,191
SACCHAROMYCES/FLUORIDE FERMENT,7664-39-3,191
"Furfuryltrimethyl ammonium salts, e.g. furtrethonium iodide",541-64-0,192
Galantamine,357-70-0,193
PROGESTERONE,-,194
"1,2,3,4,5,6-Hexachlorocyclohexane (BHC-ISO)",58-89-9,195
Hexachloroethane,67-72-1,197
"Hydrastine, hydrastinine",118-08-1,199
ADIPIC ACID DIHYDRAZIDE,54-85-3,200
STEARIC HYDRAZIDE,54-85-3,200
ADIPIC ACID DIHYDRAZIDE,302-01-2,201
AMINOGUANIDINE BICARBONATE,302-01-2,201
AMINOGUANIDINE HCl,302-01-2,201
POLYURETHANE-18,302-01-2,201
POLYURETHANE-19,302-01-2,201
Octamoxin,4684-87-1,202
Warfarin,81-81-2,203
Methocarbamol,532-03-6,205
Propatylnitrate,2921-92-8,206
"4,4'-Dihydroxy-3,3'-(3-methylthiopropylidene) dicoumarin",-,207
Fenadiazole,1008-65-7,208
Nitroxoline,4008-48-4,209
"Hyoscyamine, its salts and derivatives",101-31-5,210
Pemoline,2152-34-3,212
MEA-IODINE,7553-56-2,213
PVP-IODINE,7553-56-2,213
IODINE TRICHLORIDE,7553-56-2,213
NONOXYNOL-9 IODINE,7553-56-2,213
NONOXYNOL-12 IODINE,7553-56-2,213
(2-Isopropylpent-4-enoyl)urea (apronalide),528-92-7,216
LOBELIA INFLATA,84696-23-1,218
LOBELIA INFLATA EXTRACT,84696-23-1,218
Lobeline,90-69-7,219
Barbiturates,-,220
MERCURIC OXIDE,7439-97-6,221
"3,4,5-Trimethoxyphenethylamine (Mescaline)",54-04-6,222
Metaldehyde,9002-91-9,223
"2-(4-Allyl-2-methoxyphenoxy)-N,N-diethylacetamide",305-13-5,224
Coumetarol,4366-18-1,225
Dextromethorphan,125-71-3,226
2-Methylheptylamine,540-43-2,227
Isometheptene,503-01-5,228
Mecamylamine,60-40-2,229
Guaifenesin,93-14-1,230
Dicoumarol,66-76-2,231
"Phenmetrazine , its derivatives and salts",134-49-6,232
Thiamazole,60-56-0,233
Carisoprodol,78-44-4,235
Meprobamate,57-53-4,236
Tefazoline,1082-56-0,237
Arecoline,63-75-2,238
Poldine metilsulfate,545-80-2,239
Hydroxyzine,68-88-2,240
2-NAPHTHOL,135-19-3,241
1- and 2-Naphthylamines,91-59-8,242
3-(1-Naphthyl)-4-hydroxycoumarin,39923-41-6,243
NAPHAZOLINE HCL,835-31-4,244
Neostigmine,114-80-7,245
Nicotine,54-11-5,246
Amyl nitrites,110-46-3,247
"Inorganic nitrites, with exception of sodium nitrite",14797-65-0,248
Nitrobenzene,98-95-3,249
3-NITRO-P-CRESOL,12167-20-3,250
Nitrofurantoin,67-20-9,251
Furazolidone,67-45-8,252
"Nitroglycerin; Propane-1,2,3-triyl trinitrate",55-63-0,253
Acenocoumarol,152-72-7,254
Alkali pentacyanonitrosylferrate (2-),14402-89-2,255
"Nitrostilbenes, their homologues and their derivatives",-,256
Noradrenaline,51-41-2,257
Noscapine,128-62-1,258
Guanethidine,55-65-2,259
ESTRATETRAENOL,-,260
DIOSMETIN,-,260
DIOSGENIN,-,260
ESTRADIOL,-,260
ETHINYLESTRADIOL,-,260
Oleandrin,465-16-7,261
Chlortalidone,77-36-1,262
Pelletierine,2858-66-4,263
Pentachloroethane,76-01-7,264
Pentaerithrityl tetranitrate,78-11-5,265
Petrichloral,78-12-6,266
Octamylamine,502-59-0,267
Picric acid,88-89-1,268
Phenacemide,63-98-9,269
Difencloxazine,5617-26-5,270
"2-Phenylindan-1,3-dione (Phenindione )",83-12-5,271
Ethylphenacemide (pheneturide ),90-49-3,272
Phenprocoumon,435-97-2,273
Fenyramidol,553-69-5,274
Triamterene,396-01-0,275
Tetraethyl pyrophosphate (TEPP - ISO),107-49-3,276
TRICRESYL PHOSPHATE,1330-78-5,277
Psilocybine,520-52-5,278
PHOSPHORUS,7723-14-0,279
Thalidomide,50-35-1,280
Physostigma venenosum Balf.,89958-15-6,281
Picrotoxin,124-87-8,282
Pilocarpine,92-13-7,283
Pipradrol,467-60-7,285
Azacyclonol,115-46-8,286
Bietamiverine,479-81-2,287
Butopiprine,55837-15-5,288
LEAD ACETATE,7439-92-1,289
Coniine,458-88-8,290
"Prunus laurocerasus L. (""cherry laurel water"")",89997-54-6,291
Metyrapone,54-36-4,292
"Hyoscine, its salts and derivatives",51-34-3,295
SACCHAROMYCES/GOLD FERMENT,-,296
SACCHAROMYCES/GOLD FERMENT LYSATE FILTRATE,-,296
GOLD ACETYLMETHIONATE,-,296
GOLD ASPARTATE/GLUTAMATE,-,296
GOLD CHLORIDE HCL,-,296
SELENIUM/GLYCINE SOJA SPROUT EXTRACT,7782-49-2,297
SELENIUM ASPARTATE,7782-49-2,297
SACCHAROMYCES/SELENIUM FERMENT,7782-49-2,297
DEFINED CELL CULTURE MEDIA,7782-49-2,297
HYDROLYZED SACCHAROMYCES/SODIUM SELENATE FERMENT EXTRACT,7782-49-2,297
SOLANUM NIGRUM FRUIT EXTRACT,84929-77-1,298
Sparteine,90-39-1,299
PREGNENOLONE ACETATE,-,300
HYDROXYCORTISONE SUCCINATE,-,300
HYDROCORTISONE ACETATE,-,300
DATURA STRAMONIUM POWDER,84696-08-2,301
DATURA STRAMONIUM LEAF EXTRACT,84696-08-2,301
Strophantus species and their galenical preparations,-,303
Strychnine,57-24-9,304
Strychnos species and their galenical preparations,-,305
TOSYLAMIDE,-,307
MAFENIDE HCL,-,307
MESYLOXYBENZYL ISOBUTYLBENZENESULFONAMIDE,-,307
Sultiame,61-56-3,308
Neodymium,7440-00-8,309
Thiotepa,52-24-4,310
Pilocarpus jaborandi Holmes and its galenical preparations,84696-42-4,311
Tellurium and its compounds,13494-80-9,312
Xylometazoline,526-36-3,313
Tetrachloroethylene,127-18-4,314
Carbon tetrachloride,56-23-5,315
Hexaethyl tetraphosphate,757-58-4,316
Thallium and its compounds,7440-28-0,317
"Thevetia neriifolia Juss., Glycoside extract",90147-54-9,318
Ethionamide,536-33-4,319
Phenothiazine and its compounds,92-84-2,320
3-Bis(hydroxymethyl)-3-thiourea,62-56-6,321
Hydroxymethyl-2-thiourea,62-56-6,321
1-Hydroxymethylimidazolidine-2-thione,62-56-6,321
1-Monomorpholinomethyl-2-thiourea,62-56-6,321
3-Bis(morpholinomethyl)-2-thiourea,62-56-6,321
THIOUREA,62-56-6,321
Mephenesin and its esters,59-47-2,322
Tranylcypromine,155-09-9,324
Trichloronitromethane (chloropicrine),76-06-2,325
"2,2,2-Tribromoethanol (tribromoethyl alcohol)",75-80-9,326
Trichlormethine,555-77-1,327
Tretamine,51-18-3,328
Gallamine triethiodide,65-29-2,329
URGINEA MARITIMA TUBER EXTRACT,84650-62-4,330
"Veratrine, its salts and galenical preparations",8051-02-3,331
VERATRUM OXYSEPALUM ROOT EXTRACT,90131-91-2,333
VERATRUM OXYSEPALUM EXTRACT,90131-91-2,333
Vinyl chloride monomer,75-01-4,334
CHOLECALCIFEROL/YEAST POLYPEPTIDE,50-14-6,335
CHOLECALCIFEROL,50-14-6,335
ERGOCALCIFEROL,50-14-6,335
Salts of O-alkyldithiocarbonic acids,-,336
Yohimbine,146-48-5,337
DMSO,67-68-5,338
Diphenhydramine,58-73-1,339
4-tert-Butylphenol,98-54-4,340
4-tert-Butylpyrocatechol,98-29-3,341
Dihydrotachysterol,67-96-9,342
Dioxane,123-91-1,343
MORPHOLINE,110-91-8,344
MORPHOLINE STEARATE,110-91-8,344
MORPHOLINE OLEATE,110-91-8,344
Pyrethrum album L. and its galenical preparations,-,345
Tripelennamine,91-81-6,347
Tetrachlorosalicylanilides,7426-07-5,348
Dichlorosalicylanilides,1147-98-4,349
Tetrabromosalicylanilides,-,350
Dibromosalicylanilides,-,351
Bithionol,97-18-7,352
Thiuram monosulphides,97-74-5,353
"Dimethylformamide (N,N-Dimethylformamide)",68-12-2,355
4-Phenylbut-3-en-2-one (Benzylideneacetone),122-57-6,356
CITRUS AURANTIFOLIA JUICE,298-81-7,358
CITRUS AURANTIFOLIA PEEL EXTRACT,298-81-7,358
CITRUS GRANDIS JUICE,298-81-7,358
CITRUS GRANDIS LEAF EXTRACT,298-81-7,358
CITRUS GRANDIS PEEL EXTRACT,298-81-7,358
RUTA GRAVEOLENS OIL,298-81-7,358
CITRUS AURANTIFOLIA PEEL OIL DISTILLED,298-81-7,358
CITRUS AURANTIFOLIA PEEL OIL EXPRESSED,298-81-7,358
CITRUS LIMON LEAF EXTRACT,298-81-7,358
CITRUS PARADISI M. PEEL OIL EXPRESSED,298-81-7,358
CITRUS PARADISI,298-81-7,358
X C. RETICULATA PEEL EXTRACT,298-81-7,358
X C. RETICULATA PEEL OIL EXPRESSED,298-81-7,358
CITRUS RETICULATA,298-81-7,358
X C. SINENSIS PEEL EXTRACT,298-81-7,358
X C. SINENSIS PEEL OIL EXPRESSED,298-81-7,358
CUMINUM CYMINUM FRUIT EXTRACT,298-81-7,358
CUMINUM CYMINUM FRUIT OIL,298-81-7,358
RUTA GRAVEOLENS HERB OIL,298-81-7,358
CITRUS GRANDIS FRUIT EXTRACT,298-81-7,358
CITRUS GRANDIS FRUIT WATER,298-81-7,358
CITRUS GRANDIS PEEL,298-81-7,358
CITRUS GRANDIS PEEL OIL,298-81-7,358
CITRUS GRANDIS PEEL POWDER,298-81-7,358
CITRUS GRANDIS/PARADISI FRUIT WATER,298-81-7,358
CITRUS PARADISI FRUIT EXTRACT,298-81-7,358
CITRUS PARADISI JUICE,298-81-7,358
CITRUS PARADISI PEEL EXTRACT,298-81-7,358
CITRUS PARADISI PEEL OIL,298-81-7,358
CITRUS RETICULATA FRUIT EXTRACT,298-81-7,358
CITRUS RETICULATA LEAF OIL,298-81-7,358
CITRUS RETICULATA PEEL EXTRACT,298-81-7,358
CITRUS RETICULATA PEEL POWDER,298-81-7,358
CITRUS AURANTIFOLIA FLOWER EXTRACT,298-81-7,358
CITRUS AURANTIFOLIA FRUIT,298-81-7,358
CITRUS AURANTIFOLIA FRUIT EXTRACT,298-81-7,358
CITRUS AURANTIFOLIA LEAF OIL,298-81-7,358
CITRUS AURANTIFOLIA PEEL,298-81-7,358
CITRUS AURANTIFOLIA PEEL POWDER,298-81-7,358
CITRUS AURANTIFOLIA OIL,298-81-7,358
CITRUS AURANTIFOLIA FRUIT WATER,298-81-7,358
CITRUS LIMON FLOWER/LEAF/STEM OIL,298-81-7,358
RUTA GRAVEOLENS LEAF EXTRACT,298-81-7,358
RUTA GRAVEOLENS LEAF/ROOT/STEM EXTRACT,298-81-7,358
CITRUS LIMON LEAF/PEEL/STEM OIL,298-81-7,358
CITRUS LIMON LEAF CELL EXTRACT,298-81-7,358
CITRUS LIMON PEEL CERA,298-81-7,358
CITRUS RETICULATA PEEL OIL,298-81-7,358
CITRUS RETICULATA LEAF WATER,298-81-7,358
CITRUS AURANTIFOLIA PEEL WATER,298-81-7,358
CITRUS LIMON FLOWER/LEAF/STEM EXTRACT,298-81-7,358
CITRUS LIMON FRUIT EXTRACT,298-81-7,358
CITRUS LIMON FRUIT OIL,298-81-7,358
CITRUS LIMON FRUIT POWDER,298-81-7,358
CITRUS LIMON FRUIT WATER,298-81-7,358
CITRUS LIMON JUICE,298-81-7,358
CITRUS LIMON JUICE EXTRACT,298-81-7,358
CITRUS LIMON JUICE POWDER,298-81-7,358
CITRUS LIMON LEAF OIL,298-81-7,358
CITRUS LIMON PEEL,298-81-7,358
CITRUS LIMON PEEL EXTRACT,298-81-7,358
CITRUS LIMON PEEL OIL,298-81-7,358
CITRUS LIMON PEEL POWDER,298-81-7,358
CITRUS LIMON PEEL WATER,298-81-7,358
CITRUS UNSHIU/CITRUS RETICULATA/CITRUS IYO FRUIT WATER,298-81-7,358
CITRUS AURANTIFOLIA FLOWER/GALIUM APARINE EXTRACT,298-81-7,358
CITRUS AURANTIFOLIA FLOWER/SAMBUCUS NIGRA FLOWER EXTRACT,298-81-7,358
LAURUS NOBILIS OIL,84603-73-6,359
Safrole,94-59-7,360
CINNAMOMUM CAMPHORA FORMOSANA LEAF OIL RECTIFIED,94-59-7,360
CINNAMOMUM CAMPHORA FORMOSANA ROOT EXTRACT,94-59-7,360
CINNAMOMUM CAMPHORA FORMOSANA ROOT OIL,94-59-7,360
CINNAMOMUM CAMPHORA LINALOOLIFERUM ROOT EXTRACT,94-59-7,360
CINNAMOMUM CAMPHORA LINALOOLIFERUM ROOT OIL,94-59-7,360
SASSAFRAS OFFICINALE BARK/ROOT EXTRACT,94-59-7,360
SASSAFRAS OFFICINALE ROOT OIL,94-59-7,360
SASSAFRAS OFFICINALE BARK EXTRACT,94-59-7,360
o-Phenylenediamine,95-54-5,363
"4-Methyl-m-phenylenediamine (Toluene-2,4-diamine)",95-80-7,364
Aristolochic acid,475-80-9,365
CHLOROFORM,67-66-3,366
"2,3,7,8-Tetrachlorodibenzo-p-dioxin (TCDD)",1746-01-6,367
"2,6-Dimethyl-1,3-dioxan-4-yl acetate (Dimethoxane)",828-00-2,368
SODIUM PYRITHIONE,3811-73-2,369
CAPTAN,133-06-2,370
HEXACHLOROPHENE,70-30-4,371
MINOXIDIL,38304-91-5,372
MINOXIDIL HYALURONAMIDE,38304-91-5,372
MINOXIDIL OXOTHIAZOLIDINECARBOXYLATE,38304-91-5,372
MINOXIDIL SUCCINOYL DECAPEPTIDE-18,38304-91-5,372
MINOXIDIL SUCCINOYL OLIGOPEPTIDE-143,38304-91-5,372
"3,4',5-Tribromosalicylanilide (Tribromsalan )",87-10-5,373
PHYTOLACCA DECANDRA ROOT EXTRACT,65497-07-6,374
PHYTOLACCA DECANDRA EXTRACT,65497-07-6,374
RETINOIC ACID,302-79-4,375
"1-Methoxy-2,4-diaminobenzene (2,4-Diaminoanisole - CI 76050)",615-05-4,376
"1-Methoxy-2,5-diaminobenzene (2,5-Diaminoanisole)",5307-02-8,377
Colouring agent CI 12140,3118-97-6,378
SOLVENT RED 24,85-83-6,379
BASIC VIOLET 3,548-62-9,380
PENTYL DIMETHYL PABA,14779-78-3,381
2-AMINO-4-NITROPHENOL SULFATE,99-57-0,383
2-AMINO-4-NITROPHENOL,99-57-0,383
2-AMINO-5-NITROPHENOL,121-88-0,384
"11-alpha-Hydroxypregn-4-ene-3,20-dione and its esters",80-75-1,385
ACID YELLOW 36,587-98-4,387
BASIC VIOLET 1,8004-87-3,388
SOLVENT BLUE 35,17354-14-2,389
PREGNENOLONE ACETATE,-,390
DIALLYLOXYNEOHEXYL ZIRCONIUM TRIDECANOATE,7440-67-7,391
ZIRCONIUM CHLOROHYDRATE,7440-67-7,391
ZIRCONIUM SILICATE,7440-67-7,391
ZIRCONYL CHLORIDE,7440-67-7,391
ZIRCONIUM DIOXIDE,7440-67-7,391
ZIRCONIUM POWDER,7440-67-7,391
Acetonitrile,75-05-8,393
Tetrahydrozoline (Tetryzoline ),84-22-0,394
OXYQUINOLINE,148-24-3,395
OXYQUINOLINE SULFATE,148-24-3,395
PIGMENT ORANGE 5,3468-63-1,397
BASIC VIOLET 10,81-88-9,398
SOLVENT RED 49:1,81-88-9,398
LIDOCAINE,137-58-6,399
LIDOCAINE HCL,137-58-6,399
"1,2-Epoxybutane",106-88-7,400
PIGMENT RED 53,2092-56-0,401
PIGMENT RED 53:1,2092-56-0,401
Strontium lactate,29870-99-3,402
STRONTIUM NITRATE,10042-76-9,403
Strontium polycarboxylate,-,404
PRAMOXINE HCl,140-65-8,405
4-ETHOXY-m-PHENYLENEDIAMINE,67801-06-3,406
4-ETHOXY-m-PHENYLENEDIAMINE SULFATE,67801-06-3,406
"2,4-Diaminophenylethanol",14572-93-1,407
PYROCATECHOL,120-80-9,408
PYROGALLOL,87-66-1,409
DEA-C12-13 ALKYL SULFATE,111-42-2,411
DEA-C12-13 PARETH-3 SULFATE,111-42-2,411
DEA-C12-15 ALKYL SULFATE,111-42-2,411
DEA-C8-18 PERFLUOROALKYLETHYL PHOSPHATE,111-42-2,411
DEA-CETEARETH-2 PHOSPHATE,111-42-2,411
DEA-CETYL PHOSPHATE,111-42-2,411
DEA-CETYL SULFATE,111-42-2,411
DEA-COCOAMPHODIPROPIONATE,111-42-2,411
DEA-CYCLOCARBOXYPROPYLOLEATE,111-42-2,411
DEA-DODECYLBENZENESULFONATE,111-42-2,411
DEA-ISOSTEARATE,111-42-2,411
DEA-LAURAMINOPROPIONATE,111-42-2,411
DEA-LAURETH SULFATE,111-42-2,411
DEA-LINOLEATE,111-42-2,411
DEA-METHOXYCINNAMATE,111-42-2,411
DEA-METHYL MYRISTATE SULFONATE,111-42-2,411
DEA-MYRETH SULFATE,111-42-2,411
DEA-MYRISTATE,111-42-2,411
DEA-MYRISTYL SULFATE,111-42-2,411
DEA-OLETH-10 PHOSPHATE,111-42-2,411
DEA-OLETH-20 PHOSPHATE,111-42-2,411
DEA-OLETH-3 PHOSPHATE,111-42-2,411
DEA-OLETH-5 PHOSPHATE,111-42-2,411
DEA-STYRENE/ACRYLATES/DVB COPOLYMER,111-42-2,411
DICOCAMINE,111-42-2,411
DIETHANOLAMINE BISULFATE,111-42-2,411
DIETHYLAMINE LAURETH SULFATE,111-42-2,411
DIPA-HYDROGENATED COCOATE,111-42-2,411
DIPA-LANOLATE,111-42-2,411
BUTYLETHANOLAMINE,111-42-2,411
DEA PG-PROPYL PEG/PPG-18/21 DIMETHICONE,111-42-2,411
DEA-LAURYL SULFATE,111-42-2,411
DIETHANOLAMINE,111-42-2,411
DIISOPROPANOLAMINE,111-42-2,411
DIISOPROPYLAMINE,111-42-2,411
DIETHYLHEXYLAMINE,111-42-2,411
DEA-HYDROLYZED LECITHIN,111-42-2,411
MIXED ISOPROPANOLAMINES,111-42-2,411
MIXED ISOPROPANOLAMINES LANOLATE,111-42-2,411
MIXED ISOPROPANOLAMINES LAURYL SULFATE,111-42-2,411
MIXED ISOPROPANOLAMINES MYRISTATE,111-42-2,411
DEA-POLYPERFLUOROETHOXYMETHOXY PEG-2 PHOSPHATE,111-42-2,411
HEXOXYETHYL DIETHYLAMMONIUM PHOSPHATE,111-42-2,411
DIETHYLAMINE,111-42-2,411
DEA-PEG-4 LAURATE,111-42-2,411
DEA PG-OLEATE,111-42-2,411
DIPA-MYRISTATE,111-42-2,411
METHYL DIETHANOLAMINE,111-42-2,411
4-AMINO-2-NITROPHENOL,119-34-6,412
TOLUENE-2,823-40-5,413
6-DIAMINE,823-40-5,413
"4-tert.-Butyl-3-methoxy-2,6-dinitrotoluene (Musk ambrette)",83-66-9,414
RH-POLYPEPTIDE-13,-,416
RH-POLYPEPTIDE-14,-,416
RH-POLYPEPTIDE-16,-,416
RH-POLYPEPTIDE-27,-,416
RH-POLYPEPTIDE-1,-,416
RH-POLYPEPTIDE-2,-,416
RH-POLYPEPTIDE-3,-,416
RH-POLYPEPTIDE-4,-,416
RH-POLYPEPTIDE-5,-,416
RH-POLYPEPTIDE-6,-,416
RH-POLYPEPTIDE-7,-,416
RH-POLYPEPTIDE-8,-,416
RH-POLYPEPTIDE-9,-,416
RH-POLYPEPTIDE-10,-,416
RH-POLYPEPTIDE-11,-,416
RH-POLYPEPTIDE-12,-,416
RH-POLYPEPTIDE-15,-,416
RH-POLYPEPTIDE-7 HEXAPEPTIDE-25,-,416
RH-POLYPEPTIDE-17,-,416
RH-POLYPEPTIDE-18,-,416
RH-POLYPEPTIDE-19,-,416
RH-POLYPEPTIDE-22,-,416
RH-POLYPEPTIDE-25,-,416
RH-POLYPEPTIDE-26,-,416
RH-POLYPEPTIDE-28,-,416
RH-POLYPEPTIDE-29,-,416
TRANSGENIC RICE RH-POLYPEPTIDE-45,-,416
RH-POLYPEPTIDE-51,-,416
RH-POLYPEPTIDE-52,-,416
RH-POLYPEPTIDE-31,-,416
RH-POLYPEPTIDE-68,-,416
RH-POLYPEPTIDE-59,-,416
RH-POLYPEPTIDE-62,-,416
RH-POLYPEPTIDE-58,-,416
RH-POLYPEPTIDE-63,-,416
TRANSGENIC SILKWORM RH-POLYPEPTIDE-47,-,416
TRANSGENIC NEMATODE RH-POLYPEPTIDE-47,-,416
RH-POLYPEPTIDE-64,-,416
RH-POLYPEPTIDE-47,-,416
RH-POLYPEPTIDE-33,-,416
RH-POLYPEPTIDE-65,-,416
RH-POLYPEPTIDE-66,-,416
RH-POLYPEPTIDE-67,-,416
RH-POLYPEPTIDE-69,-,416
RH-POLYPEPTIDE-79,-,416
TRANSGENIC SILKWORM RH-POLYPEPTIDE-69,-,416
RH-POLYPEPTIDE-83,-,416
RH-POLYPEPTIDE-60,-,416
RH-POLYPEPTIDE-45,-,416
RH-POLYPEPTIDE-61,-,416
OLIGOPEPTIDE-123 RH-POLYPEPTIDE-7,-,416
OLIGOPEPTIDE-123 RH-POLYPEPTIDE-1,-,416
OLIGOPEPTIDE-107 RH-POLYPEPTIDE-1,-,416
RH-POLYPEPTIDE-50,-,416
RH-POLYPEPTIDE-84,-,416
OLIGOPEPTIDE-127 RH-POLYPEPTIDE-7,-,416
RICE RH-POLYPEPTIDE-45,-,416
SILKWORM RH-POLYPEPTIDE-69,-,416
RH-POLYPEPTIDE-87,-,416
RH-POLYPEPTIDE-88,-,416
SILKWORM RH-POLYPEPTIDE-47,-,416
NEMATODE RH-POLYPEPTIDE-47,-,416
RH-POLYPEPTIDE-96,-,416
ETHYL CARBAZIDO HYALURONATE RH-POLYPEPTIDE-7,-,416
RH-POLYPEPTIDE-82,-,416
RH-POLYPEPTIDE-20,-,416
RH-POLYPEPTIDE-21,-,416
RH-POLYPEPTIDE-104,-,416
ETHYL CARBAZIDO HYALURONATE RH-POLYPEPTIDE-3,-,416
RH-POLYPEPTIDE-111,-,416
RH-POLYPEPTIDE-94,-,416
RH-POLYPEPTIDE-95,-,416
RH-POLYPEPTIDE-48,-,416
RH-POLYPEPTIDE-114,-,416
RH-POLYPEPTIDE-115,-,416
RH-POLYPEPTIDE-105,-,416
METHIONYL RH-POLYPEPTIDE-83,-,416
METHIONYL RH-POLYPEPTIDE-125,-,416
RH-POLYPEPTIDE-125,-,416
HYDROLYZED HUMAN PLACENTAL PROTEIN,-,416
HUMAN KERATINOCYTES,-,416
HUMAN ADIPOCYTE CONDITIONED MEDIA EXTRACT,-,416
PHENOLPHTHALEIN,77-09-8,417
ETHYL UROCANATE,27538-35-8,418
UROCANIC ACID,27538-35-8,418
MARROW EXTRACT,-,419
NEURAL EXTRACT,-,419
SPINAL CORD EXTRACT,-,419
SPINAL LIPID EXTRACT,-,419
SPLEEN EXTRACT,-,419
SPLEEN HYDROLYSATE,-,419
BRAIN LIPIDS,-,419
CEREBROSIDES,-,419
MARROW LIPIDS,-,419
SPINAL CORD LIPIDS,-,419
BRAIN EXTRACT,-,419
COAL TAR,8007-45-2,420
"1,1,3,3,5-Pentamethyl-4,6-dinitroindane (Moskene)",116-66-5,421
PHENYLACETONITRILE,140-29-4,424
"Cyclamen alcohol, when used as a fragrance ingredient",4756-19-8,425
"Diethyl maleate, when used as a fragrance ingredient",141-05-9,426
DIHYDROCOUMARIN,119-84-6,427
"Dimethyl citraconate, when used as a fragrance ingredient",617-54-9,431
"Diphenylamine, when used as a fragrance ingredient",122-39-4,434
ETHYL ACRYLATE,140-88-5,435
FICUS CARICA EXTRACT,68916-52-9,436
"trans-2-Heptenal, when used as a fragrance ingredient",18829-55-5,437
HYDROABIETYL ALCOHOL,26266-77-3,440
"7-Methoxycoumarin, when used as a fragrance ingredient",531-59-9,442
"7-Methylcoumarin, when used as a fragrance ingredient",2445-83-2,446
LIPPIA CITRIODORA OIL,8024-12-2,450
LIPPIA CITRIODORA LEAF/FLOWER OIL,8024-12-2,450
LIPPIA SIDOIDES LEAF OIL,8024-12-2,450
COBALT CHLORIDE,7646-79-9,453
Cobalt sulphate,10124-43-3,454
Nickel monoxide [1]; nickel oxide [2]; bunsenite [3],1313-99-1,455
Dinickel trioxide,1314-06-3,456
Nickel dioxide,12035-36-8,457
Tetracarbonylnickel,13463-39-3,459
Nickel (II) sulfide [1]; nickel sulfide [2]; millerite[3],16812-54-7,460
POTASSIUM BROMATE,7758-01-2,461
Carbon monoxide,630-08-0,462
"Buta-1,3-diene, see also entries 464-611",106-99-0,463
"Isobutane, if it contains = >0,1% w/w Butadiene",75-28-5,464
"Butane, if it contains = >0,1 % w/w Butadiene",106-97-8,465
"Alkanes, C1-2, if they contain > 0.1% w/w Butadiene",68475-57-0,482
"Alkanes, C2-3, if they contain > 0.1% w/w Butadiene",68475-58-1,483
"Alkanes, C3-4, if they contain > 0.1% w/w Butadiene",68475-59-2,484
"Alkanes, C4-5, if they contain > 0.1% w/w Butadiene",68475-60-5,485
"Fuel-gases, if they contain > 0.1% w/w Butadiene",68476-26-6,486
"Hydrocarbons, C3-4, if they contain > 0.1% w/w Butadiene",68476-40-4,488
"Hydrocarbons, C4-5, if they contain > 0.1% w/w Butadiene",68476-42-6,489
"Hydrocarbons, C1-4, if they contain > 0.1% w/w Butadiene",68514-31-8,553
"Hydrocarbons, C1-3, if they contain > 0.1% w/w Butadiene",68527-16-2,556
"Hydrocarbons, C2-4, if they contain > 0.1% w/w Butadiene",68606-25-7,561
"Hydrocarbons, C3, if they contain > 0.1% w/w Butadiene",68606-26-8,562
"Hydrocarbons, C4, if they contain > 0.1% w/w Butadiene",87741-01-3,599
"Alkanes, C1-4, C3-rich, if they contain > 0.1% w/w Butadiene",90622-55-2,600
Benzo[def]chrysene; (benzo[a]pyrene),50-32-8,612
"Dibenz[a,h]anthracene",53-70-3,637
Benz[a]anthracene,56-55-3,638
Benzo[e]pyrene,192-97-2,639
Benzo[j]fluoranthene,205-82-3,640
Benz[e]acephenanthrylene,205-99-2,641
Benzo[k]fluoranthene,207-08-9,642
Chrysene,218-01-9,643
2-Bromopropane,75-26-3,644
Trichloroethylene,79-01-6,645
"1,2-Dibromo-3-chloropropane",96-12-8,646
"2,3-Dibromopropan-1-ol",96-13-9,647
"1,3-Dichloropropan-2-ol",96-23-1,648
"alpha,alpha,alpha-Trichlorotoluene",98-07-7,649
alpha-Chlorotoluene (Benzyl chloride),100-44-7,650
"1,2-Dibromoethane",106-93-4,651
Hexachlorobenzene,118-74-1,652
Bromoethylene (Vinyl bromide),593-60-2,653
"1,4-Dichlorobut-2-ene",764-41-0,654
Methyloxirane (Propylene oxide),75-56-9,655
(Epoxyethyl)benzene (Styrene oxide),96-09-3,656
"1-Chloro-2,3-epoxypropane (Epichlorohydrin)",106-89-8,657
"R-1-Chloro-2,3-epoxypropane",51594-55-9,658
"1,2-Epoxy-3-phenoxypropane (Phenylglycidyl ether)",122-60-1,659
"2,3-Epoxypropan-1-ol (Glycidol)",556-52-5,660
"R-2,3-Epoxy-1-propanol",57044-25-4,661
"2,2'-Bioxirane (1,2:3,4-Diepoxybutane)",1464-53-5,662
Chloromethyl methyl ether,107-30-2,664
ETHOXYETHANOL,110-80-5,666
Oxybis[chloromethane]; bis (Chloromethyl) ether,542-88-1,667
2-Methoxypropanol,1589-47-5,668
Propiolactone,57-57-8,669
Dimethylcarbamoyl chloride,79-44-7,670
Urethane (Ethyl carbamate),51-79-6,671
Methoxyacetic acid,625-45-6,674
DIBUTYL PHTHALATE,84-74-2,675
DIMETHOXYDIGLYCOL,111-96-6,676
DIETHYLHEXYL PHTHALATE,117-81-7,677
bis(2-Methoxyethyl) phthalate,117-82-8,678
2-Methoxypropyl acetate,70657-70-4,679
"Acrylamide, unless regulated elsewhere in this Regulation",79-06-1,681
Acrylonitrile,107-13-1,682
2-Nitropropane,79-46-9,683
2-Nitroanisole,91-23-6,685
4-Nitrobiphenyl,92-93-3,686
"2,4-Dinitrotoluene [1]; Dinitrotoluene, technical grade [2]",121-14-2,687
Binapacryl,485-31-4,688
2-Nitronaphthalene,581-89-5,689
"2,3-Dinitrotoluene",602-01-7,690
5-Nitroacenaphthene,602-87-9,691
"2,6-Dinitrotoluene",606-20-2,692
"3,4-Dinitrotoluene",610-39-9,693
"3,5-Dinitrotoluene",618-85-9,694
"2,5-Dinitrotoluene",619-15-8,695
"Dinoterb, its salts and esters",1420-07-1,696
Nitrofen,1836-75-5,697
Diazomethane,334-88-3,699
DISPERSE BLUE 1,2475-45-8,700
1-Methyl-3-nitro-1-nitrosoguanidine,70-25-7,702
"4,4'-Methylenedianiline",101-77-9,705
"4,4'-Methylenedi-o-toluidine",838-88-0,707
o-Anisidine,90-04-0,708
"3,3'-Dimethoxybenzidine (ortho-Dianisidine)",119-90-4,709
o-Dianisidine based azo dyes,-,711
"3,3'-Dichlorobenzidine",91-94-1,712
Benzidine dihydrochloride,531-85-1,713
"[[1,1'-Biphenyl]-4,4'-diyl]diammonium sulphate",531-86-2,714
"3,3'-Dichlorobenzidine dihydrochloride",612-83-9,715
Benzidine sulphate,21136-70-9,716
Benzidine acetate,36341-27-2,717
"3,3'-Dichlorobenzidine dihydrogen bis(sulphate)",64969-34-2,718
"3,3'-Dichlorobenzidine sulphate",74332-73-3,719
Benzidine based azo dyes,-,720
"4,4'-Bi-o-toluidine (ortho-Tolidine)",119-93-7,721
"4,4'-Bi-o-toluidine dihydrochloride",612-82-8,722
"4,4'-Bi-o-toluidine sulphate",74753-18-7,724
o-Toluidine based dyes,-,725
Biphenyl-4-ylamine (4-Aminobiphenyl),92-67-1,726
Azobenzene,103-33-3,727
(Methyl-ONN-azoxy)methyl acetate,592-62-1,728
Cycloheximide,66-81-9,729
2-Methylaziridine (propyleneimine),75-55-8,730
Imidazolidine-2-thione (Ethylene thiourea),96-45-7,731
Furan,110-00-9,732
Aziridine,151-56-4,733
Captafol,2425-06-1,734
Carbadox,6804-07-5,735
Flumioxazin,103361-09-7,736
Tridemorph,24602-86-6,737
Vinclozolin,50471-44-8,738
Fluazifop-butyl,69806-50-4,739
Flusilazole,85509-19-9,740
Thioacetamide,62-55-5,742
Formamide,75-12-7,744
METHYL ACETAMIDE,79-16-3,745
N-Methylformamide,123-39-7,746
"N,N-Dimethylacetamide",127-19-5,747
Hexamethylphosphoric-triamide,680-31-9,748
Diethyl sulphate,64-67-5,749
Dimethyl sulphate,77-78-1,750
"1,3-Propanesultone",1120-71-4,751
Dimethylsulphamoyl-chloride,13360-57-1,752
Sulfallate,95-06-7,753
Erionite,12510-42-8,761
Crocidolite,12001-28-4,762
Petroleum,8002-05-9,763
"Foots oil (petroleum), if it contains > 3 % w/w DMSO extract",64742-67-2,786
"Lubricating oils, if they contain > 3 % w/w DMSO extract",74869-22-0,799
RED PETROLATUM,8009-03-8,904
PETROLATUM,8009-03-8,904
"Distillates (petroleum), light catalytic cracked",64741-59-9,911
"Distillates (petroleum), intermediate catalytic cracked",64741-60-2,912
"Distillates (petroleum), light thermal cracked",64741-82-8,913
"Distillates (petroleum), light steam-cracked naphtha",68475-80-9,915
"Gas oils (petroleum), steam-cracked",68527-18-4,917
"Gas oils (petroleum), thermal-cracked, hydrodesulfurized",92045-29-9,919
"Residues (petroleum), hydrogenated steam-cracked naphtha",92062-00-5,920
"Residues (petroleum), steam-cracked naphtha distn.",92062-04-9,921
"Residues (petroleum), steam-cracked heat-soaked naphtha",93763-85-0,923
"Distillates (petroleum), hydrodesulfurized middle coker",101316-59-0,925
"Distillates (petroleum), heavy steam-cracked",101631-14-5,926
"Residues (petroleum), atm. Tower",64741-45-3,927
"Gas oils (petroleum), heavy vacuum",64741-57-7,928
"Distillates (petroleum), heavy catalytic cracked",64741-61-3,929
"Clarified oils (petroleum), catalytic cracked",64741-62-4,930
"Residues (petroleum), catalytic reformer fractionator",64741-67-9,931
"Residues (petroleum), hydrocracked",64741-75-9,932
"Residues (petroleum), thermal cracked",64741-80-6,933
"Distillates (petroleum), heavy thermal cracked",64741-81-7,934
"Gas oils (petroleum), hydrotreated vacuum",64742-59-2,935
"Residues (petroleum), hydrodesulfurized atmospheric tower",64742-78-5,936
"Gas oils (petroleum), hydrodesulfurized heavy vacuum",64742-86-5,937
"Residues (petroleum), steam-cracked",64742-90-1,938
"Residues (petroleum), atmospheric",68333-22-2,939
"Fuel oil, residues-straight-run gas oils, high-sulfur",68476-32-4,943
"Fuel oil, residual",68476-33-5,944
"Residues (petroleum), heavy coker gas oil and vacuum gas oil",68478-17-1,946
"Residues (petroleum), heavy coker and light vacuum",68512-61-8,947
"Residues (petroleum), light vacuum",68512-62-9,948
"Residues (petroleum), steam-cracked light",68513-69-9,949
"Fuel oil, No 6",68553-00-4,950
"Residues (petroleum), topping plant, low-sulfur",68607-30-7,951
"Gas oils (petroleum), heavy atmospheric",68783-08-4,952
"Distillates (petroleum), petroleum residues vacuum",68955-27-1,954
"Residues (petroleum), steam-cracked, resinous",68955-36-2,955
"Distillates (petroleum), intermediate vacuum",70592-76-6,956
"Distillates (petroleum), light vacuum",70592-77-7,957
"Distillates (petroleum), vacuum",70592-78-8,958
"Gas oils (petroleum), hydrodesulfurized coker heavy vacuum",85117-03-9,959
"Residues (petroleum), steam-cracked, distillates",90669-75-3,960
"Residues (petroleum), vacuum, light",90669-76-4,961
"Fuel oil, heavy, high-sulfur",92045-14-2,962
"Residues (petroleum), catalytic cracking",92061-97-7,963
Residual oils (petroleum),93821-66-0,965
"Residues, steam cracked, thermally treated",98219-64-8,966
"Distillates (petroleum), hydrodesulfurized full-range middle",101316-57-8,967
"Distillates (petroleum), light paraffinic",64741-50-0,968
"Distillates (petroleum), heavy paraffinic",64741-51-1,969
"Distillates (petroleum), light naphthenic",64741-52-2,970
"Distillates (petroleum), heavy naphthenic",64741-53-3,971
"Distillates (petroleum), acid-treated heavy naphthenic",64742-18-3,972
"Distillates (petroleum), acid-treated light naphthenic",64742-19-4,973
"Distillates (petroleum), acid-treated heavy paraffinic",64742-20-7,974
"Distillates (petroleum), acid-treated light paraffinic",64742-21-8,975
"Extracts (petroleum), light naphthenic distillate solvent",64742-03-6,980
"Extracts (petroleum), heavy paraffinic distillate solvent",64742-04-7,981
"Extracts (petroleum), light paraffinic distillate solvent",64742-05-8,982
"Extracts (petroleum), heavy naphthenic distillate solvent",64742-11-6,983
"Extracts (petroleum), light vacuum gas oil solvent",91995-78-7,984
"Hydrocarbons, C26-55, arom.-rich",97722-04-8,985
4-o-Tolylazo-o-toluidine,97-56-3,989
4-Aminoazobenzene,60-09-3,990
Resorcinol diglycidyl ether,101-90-6,992
"1,3-Diphenylguanidine",102-06-7,993
Heptachlor-epoxide,1024-57-3,994
4-Nitrosophenol,104-91-6,995
Carbendazim,10605-21-7,996
Allyl glycidyl ether,106-92-3,997
Chloroacetaldehyde,107-20-0,998
HEXANE,110-54-3,999
tris(2-Chloroethyl) phosphate,115-96-8,1004
4'-Ethoxy-2-benzimidazoleanilide,120187-29-3,1005
Nickel dihydroxide [1]; nickel hydroxide [2],12054-48-7,1006
"N,N-Dimethylaniline",121-69-7,1007
Simazine,122-34-9,1008
Divanadium pentaoxide,1314-62-1,1011
Phosphamidon,13171-21-6,1013
N-(Trichloromethylthio)phthalimide (Folpet - ISO),133-07-3,1014
N-2-Naphthylaniline,135-88-6,1015
Ziram,137-30-4,1016
"1-Bromo-3,4,5-trifluorobenzene",138526-69-9,1017
Propazine,139-40-2,1018
Isoxaflutole,141112-29-0,1020
Kresoxim-methyl,143390-89-0,1021
Chlordecone,143-50-0,1022
9-Vinylcarbazole,1484-13-5,1023
2-ethylhexanoic acid,149-57-5,1024
Monuron,150-68-5,1025
Morpholine-4-carbonyl chloride,15159-40-7,1026
Daminozide,1596-84-5,1027
Alachlor (ISO),15972-60-8,1028
"2,6-Dibromo-4-cyanophenyl octanoate",1689-99-2,1032
"5-Chloro-1,3-dihydro-2H-indol-2-one",17630-75-0,1034
Benomyl (ISO),17804-35-2,1035
Chlorothalonil,1897-45-6,1036
"4,4'-Methylenebis(2-ethylaniline)",19900-65-3,1038
Valinamide,20108-78-5,1039
[(p-Tolyloxy)methyl]oxirane,2186-24-5,1040
[(m-Tolyloxy)methyl]oxirane,2186-25-6,1041
"2,3-Epoxypropyl o-tolyl ether",2210-79-9,1042
"[(Tolyloxy)methyl]oxirane, cresyl glycidyl ether",26447-14-3,1043
Di-allate,2303-16-4,1044
"Benzyl 2,4-dibromobutanoate",23085-60-1,1045
Trifluoroiodomethane,2314-97-8,1046
Thiophanate-methyl,23564-05-8,1047
"Dodecachloropentacyclo[5.2.1.02,6.03,9.05,8]decane (Mirex)",2385-85-5,1048
Propyzamide,23950-58-5,1049
Butyl glycidyl ether,2426-08-6,1050
"2,3,4-Trichlorobut-1-ene",2431-50-7,1051
Chinomethionate,2439-01-2,1052
Disperse Yellow 3,2832-40-8,1055
"1,2,4-Triazole",288-88-0,1056
Aldrin (ISO),309-00-2,1057
Diuron (ISO),330-54-1,1058
Linuron (ISO),330-55-2,1059
"3-(4-Isopropylphenyl)-1,1-dimethylurea (Isoproturon - ISO)",34123-59-6,1061
Iprodione,36734-19-7,1062
Crotonaldehyde [1]; (E)-crotonaldehyde [2],4170-30-3,1065
"4,4'-Carbonimidoylbis[N,N-dimethylaniline]",492-80-8,1067
DNOC (ISO),534-52-1,1068
Toluidinium chloride,540-23-8,1069
Toluidine sulphate (1:1),540-25-0,1070
2-(4-tert-Butylphenyl)ethanol,5406-86-0,1071
Fenthion (ISO),55-38-9,1072
"Chlordane, pur",57-74-9,1073
Hexan-2-one (Methyl butyl ketone),591-78-6,1074
Fenarimol (ISO),60168-88-9,1075
Acetamide,60-35-5,1076
Dieldrin (ISO),60-57-1,1078
"4,4'-Isobutylethylidenediphenol",6807-17-6,1079
Chlordimeform (ISO),6164-98-3,1080
Amitrole (ISO),61-82-5,1081
Carbaryl (ISO),63-25-2,1082
"Distillates (petroleum), light hydrocracked",64741-77-1,1083
1-Ethyl-1-methylmorpholinium bromide,65756-41-4,1084
(3-Chlorophenyl)-(4-methoxy-3-nitrophenyl)methanone,66938-41-8,1085
"Fuel oil, no. 2",68476-30-2,1087
"Fuel oil, no. 4",68476-31-3,1088
"Fuels, diesel, no. 2",68476-34-6,1089
"2,2-Dibromo-2-nitroethanol",69094-18-4,1090
1-Ethyl-1-methylpyrrolidinium bromide,69227-51-6,1091
Monocrotophos,6923-22-4,1092
Nickel; nickel powder [particle diameter<1 mm],7440-02-0,1093
Bromomethane (Methyl bromide - ISO),74-83-9,1094
Chloromethane (Methyl chloride),74-87-3,1095
Iodomethane (Methyl iodide),74-88-4,1096
Bromoethane (Ethyl bromide),74-96-4,1097
Heptachlor,76-44-8,1098
Fentin hydroxide,76-87-9,1099
Nickel sulphate,7786-81-4,1100
"3,5,5-Trimethylcyclohex-2-enone (Isophorone)",78-59-1,1101
"2,3-Dichloropropene",78-88-6,1102
Fluazifop-P-butyl (ISO),79241-46-6,1103
"(S)-2,3-Dihydro-1H-indole-carboxylic acid",79815-20-6,1104
Toxaphene,8001-35-2,1105
(4-Hydrazinophenyl)-N-methylmethanesulfonamide hydrochloride,81880-96-8,1106
CI Solvent Yellow 14,842-07-9,1107
Chlozolinate (ISO),84332-86-5,1108
"Alkanes, C10-13, chloro",85535-84-8,1109
"2,4,6-Trichlorophenol",88-06-2,1111
Diethylcarbamoyl-chloride,88-10-8,1112
1-Vinyl-2-pyrrolidone,88-12-0,1113
Fentin acetate,900-95-8,1115
Biphenyl-2-ylamine,90-41-5,1116
trans-4-cyclohexyl-L-proline monohydrochloride,90657-55-9,1117
"2-Methyl-m-phenylene diisocyanate (Toluene 2,6-diisocyanate)",91-08-7,1118
"4-Methyl-m-phenylene diisocyanate (Toluene 2,4-diisocyanate)",584-84-9,1119
m-Tolylidene diisocyanate (Toluene diisocyanate),26471-62-5,1120
"Fuels, diesel, coal solvent extn., hydrocracked hydrogenated",94114-59-7,1122
"Pitch, if it contains > 0.005 % w/w benzo[a]pyrene",61789-60-4,1123
2-Butanone oxime,96-29-7,1124
"alpha, alpha-Dichlorotoluene",98-87-3,1126
"Hexahydrocoumarin, when used as a fragrance ingredient",700-82-3,1135
MYROXYLON PEREIRAE RESIN,8007-00-9,1136
MYROXYLON BALSAMUM PEREIRAE BALSAM OIL,8007-00-9,1136
MYROXYLON PEREIRAE OIL,8007-00-9,1136
Isobutyl nitrite,542-56-3,1137
"Isoprene (stabilized); (2-Methyl-1,3-butadiene)",78-79-5,1138
1-Bromopropane; n-Propyl bromide,106-94-5,1139
"Chloroprene (stabilized); (2-Chlorobuta-1,3-diene)",126-99-8,1140
"1,2,3-Trichloropropane",96-18-4,1141
Ethylene glycol dimethyl ether (EGDME),110-71-4,1142
Dinocap (ISO),39300-45-3,1143
TOLUENE-2,25376-45-8,1144
6-DIAMINE,25376-45-8,1144
p-Chlorobenzotrichloride,5216-25-1,1145
Diphenylether; Octabromo derivate,32536-52-0,1146
Tetrahydrothiopyran-3-carboxaldehyde,61571-06-0,1148
"4,4'-Bis(dimethylamino)benzophenone; (Michler's ketone)",90-94-8,1149
"Oxiranemethanol, 4-methylbenzene-sulfonate, (S)-",70987-78-9,1150
BUTYL BENZYL PHTHALATE,85-68-7,1152
Azafenidin (ISO),68049-83-2,1157
"4,4'-Thiodianiline",139-65-1,1159
"4,4'-Oxydianiline (p-aminophenyl ether)",101-80-4,1160
"N,N,N',N'-Tetramethyl-4,4'-methylenedianiline",101-61-1,1161
6-Methoxy-m-toluidine (p-Cresidine),120-71-8,1162
"3-Ethyl-2-methyl-2-(3-methylbutyl)-1,3-oxazolidine",143860-04-2,1163
2-Nitrotoluene,88-72-2,1165
Tributyl phosphate,126-73-8,1166
Naphthalene,91-20-3,1167
"Nonylphenol [1]; 4-Nonylphenol, branched [2]",25154-52-3,1168
"1,1,2-Trichloroethane",79-00-5,1169
Allyl chloride (3-Chloropropene),107-05-1,1172
"1,4-Dichlorobenzene (p-Dichlorobenzene)",106-46-7,1173
Bis(2-chloroethyl) ether,111-44-4,1174
PHENOL,108-95-2,1175
4'-ISOPROPYLIDENEDIPHENOL,80-05-7,1176
"Trioxymethylene (1,3,5-Trioxan)",110-88-3,1177
Propargite (ISO),2312-35-8,1178
1-Chloro-4-nitrobenzene,100-00-5,1179
Molinate (ISO),2212-67-1,1180
Fenpropimorph (ISO),67564-91-4,1181
Methyl isocyanate,624-83-9,1183
"N,N-Dimethylanilinium tetrakis(pentafluorophenyl)borate",118612-00-3,1184
BASIC GREEN 4,569-64-2,1188
trans-4-Phenyl-L-proline,96314-26-0,1191
1-(1-Naphthylmethyl)quinolinium chloride,65322-65-8,1196
(R)-5-Bromo-3-(1-methyl-2-pyrrolidinylmethyl)-1H-indole,143322-57-0,1197
Pymetrozine (ISO),123312-89-0,1198
Oxadiargyl (ISO),39807-15-3,1199
"Chlorotoluron; (3-(3-Chloro-p-tolyl)-1,1-dimethylurea)",15545-48-9,1200
"1,3-Bis(vinylsulfonylacetamido)propane",93629-90-4,1202
P-PHENETIDINE,156-43-4,1203
m-PHENYLENEDIAMINE,108-45-2,1204
M-PHENYLENEDIAMINE SULFATE,108-45-2,1204
"Creosote oil, if it contains > 0.005 % w/w benzo[a]pyrene",61789-28-4,1207
"Creosote, if it contains > 0.005 % w/w benzo[a]pyrene",8001-58-9,1208
6-METHOXY-2,94166-62-8,1212
3-PYRIDINEDIAMINE HCl,94166-62-8,1212
3-NAPHTHALENEDIOL,92-44-4,1213
4-DIAMINODIPHENYLAMINE,136-17-4,1214
6-BIS(2-HYDROXYETHOXY)-3,117907-42-3,1215
5-PYRIDINEDIAMINE HCl,117907-42-3,1215
2-METHOXYMETHYL-p-AMINOPHENOL HCl,135043-65-1,1216
5-DIAMINO-1-METHYLPYRAZOLE HCl,20055-01-0,1217
5-DIAMINO-1-((4-CHLOROPHENYL)METHYL)-1H-PYRAZOLE-SULFATE,163183-00-4,1218
4-CHLORO-2-AMINOPHENOL,95-85-2,1219
4-HYDROXYINDOLE,2380-94-1,1220
4-METHOXYTOLUENE-2,56496-88-9,1221
5-DIAMINE HCl,56496-88-9,1221
5-AMINO-4-FLUORO-2-METHYLPHENOL SULFATE,163183-01-5,1222
N-DIETHYL-m-AMINOPHENOL,91-68-9,1223
N-DIETHYL-m-AMINOPHENOL SULFATE,91-68-9,1223
N-DIMETHYL 2,-,1224
6-PYRIDINEDIAMINE HCL,-,1224
N-CYCLOPENTYL-m-AMINOPHENOL,104903-49-3,1225
N-METHOXYETHYL-p-PHENYLENEDIAMINE HCl,72584-59-9,1226
4-DIAMINO-5-METHYLPHENETOLE HCl,113715-25-6,1227
7-NAPHTHALENEDIOL,575-38-2,1228
4-DIAMINOBENZOIC ACID,619-05-6,1229
2-AMINOMETHYL-p-AMINOPHENOL HCl,79352-72-0,1230
CI 12150,1229-55-6,1231
SOLVENT RED 1,1229-55-6,1231
ACID ORANGE 24,1320-07-6,1232
CI 20170,1320-07-6,1232
ACID RED 73,5413-75-2,1233
CI 27290,5413-75-2,1233
PEG-3,144644-13-3,1234
2'-Di-p-PHENYLENEDIAMINE,144644-13-3,1234
6-NITRO-o-TOLUIDINE,570-24-1,1235
HC YELLOW NO. 11,73388-54-2,1236
HC ORANGE NO. 3,81612-54-6,1237
HC GREEN NO. 1,52136-25-1,1238
HC RED NO. 8,13556-29-1,1239
TETRAHYDRO-6-NITROQUINOXALINE,158006-54-3,1240
DISPERSE RED 15,116-85-8,1241
4-Amino-3-fluorophenol,399-95-1,1242
BISHYDROXYETHYL BISCETYL MALONAMIDE,149591-38-8,1243
"1-Methyl-2,4,5-trihydroxybenzene",1124-09-0,1244
"2,6-Dihydroxy-4-methylpyridine",4664-16-8,1245
"5-Hydroxy-1,4-benzodioxane",10288-36-5,1246
4-METHYLENEDIOXYPHENOL,533-31-3,1247
4-METHYLENEDIOXYANILINE,14268-66-7,1248
HYDROXYPYRIDINONE,822-89-9,1249
3-NITRO-4-AMINOPHENOXYETHANOL,50982-74-6,1250
4-NITROGUAIACOL,3251-56-7,1251
ACID BLACK 131,12219-01-1,1252
PHLOROGLUCINOL,108-73-6,1253
4-BENZENETRIACETATE,613-03-6,1254
HC BLUE NO. 5,68478-64-8,1255
HC BLUE NO. 4,158571-57-4,1256
SODIUM SULFANILATE,121-57-3,1257
ACID BROWN 13,6373-79-1,1258
BASIC RED 46,89959-98-8,1259
DISPERSE BROWN 1,23355-64-8,1260
BASIC BLUE 41,12270-13-2,1261
PIGMENT YELLOW 73,13515-40-7,1262
PIGMENT YELLOW 12,6358-85-6,1263
DIRECT YELLOW 12,2870-32-8,1264
SOLVENT BLACK 3,4197-25-5,1265
DIRECT BLACK 51,3442-21-5,1266
DIRECT RED 81,2610-11-9,1267
DIRECT VIOLET 48,37279-54-2,1268
DIRECT RED 23,3441-14-3,1269
DIRECT RED 80,2610-10-8,1270
DIRECT RED 81,2610-10-8,1270
BASIC VIOLET 4,2390-59-2,1271
BASIC YELLOW 28,54060-92-3,1272
BASIC YELLOW 11,4208-80-4,1273
SOLVENT BLACK 5,11099-03-9,1274
BASIC BLUE 3,47367-75-9,1275
BASIC BLUE 6,7057-57-0,1276
SOLVENT YELLOW 44,2478-20-8,1277
BASIC BLUE 47,67905-56-0,1278
LACCAIC ACID,60687-93-6,1279
ALUMINUM LACCATE,60687-93-6,1279
ACID ORANGE 3,6373-74-6,1280
DISPERSE ORANGE 3,730-40-5,1281
4-NITRO-m-PHENYLENEDIAMINE,5131-58-8,1282
4-NITRO-m-PHENYLENEDIAMINE SULFATE,5131-58-8,1282
DISPERSE VIOLET 4,1220-94-6,1283
N-METHYL-3-NITRO-p-PHENYLENEDIAMINE,2973-21-9,1284
HC YELLOW NO. 5,56932-44-6,1285
HC YELLOW NO. 3,56932-45-7,1286
2-NITRO-N-HYDROXYETHYL-p-ANISIDINE,57524-53-5,1287
N'-DIMETHYL-N-HYDROXYETHYL-3-NITRO-p-PHENYLENEDIAMINE,10228-03-2,1288
HC BLUE NO. 6,93633-79-5,1289
N-ETHYL-3-NITRO PABA,2788-74-1,1290
BASIC RED 118,71134-97-9,1291
BASIC RED 22,12221-52-2,1292
BASIC ORANGE 2,495-54-5,1293
BASIC ORANGE 1,4438-16-8,1294
ACID RED 35,6441-93-6,1295
BASIC BROWN 4,4482-25-1,1296
HC BROWN NO. 2,83803-99-0,1297
HC BROWN NO. 1,83803-98-9,1298
BASIC GREEN 1,633-03-4,1299
DISPERSE BLUE 3,2475-46-9,1300
DISPERSE RED 11,2872-48-2,1301
DISPERSE BLUE 7,3179-90-6,1302
HC BLUE NO. 8,22366-99-0,1303
HC YELLOW NO. 8,66612-11-1,1304
HC RED NO. 9,56330-88-2,1305
BASIC BLUE 9,61-73-4,1306
6-BIS(2-HYDROXYETHOXY)-m-PHENYLENEDIAMINE HCl,94082-85-6,1307
6-BIS(2-HYDROXYETHOXY)-m-PHENYLENEDIAMINE,94082-85-6,1307
5-AMINO-2,104333-03-1,1308
6-DIMETHOXY-3-HYDROXYPYRIDINE,104333-03-1,1308
4'-DIAMINODIPHENYLAMINE,537-65-5,1309
4'-DIAMINODIPHENYLAMINE SULFATE,537-65-5,1309
N-DIETHYLTOLUENE-2,148-71-0,1310
5-DIAMINE HCl,148-71-0,1310
N-DIETHYL-p-PHENYLENEDIAMINE SULFATE,93-05-0,1311
N-DIETHYL-p-PHENYLENEDIAMINE,93-05-0,1311
N-DIMETHYL-p-PHENYLENEDIAMINE,99-98-9,1312
N-DIMETHYL-p-PHENYLENEDIAMINE SULFATE,99-98-9,1312
TOLUENE-3,496-72-0,1313
4-DIAMINE,496-72-0,1313
4-DIAMINO-5-METHYLPHENOXYETHANOL HCl,141614-05-3,1314
4-DIAMINO-5-METHYLPHENOXYETHANOL,141614-05-3,1314
6-AMINO-o-CRESOL,17672-22-9,1315
HYDROXYETHYLAMINOMETHYL-p-AMINOPHENOL,110952-46-0,1316
HYDROXYETHYLAMINOMETHYL-p-AMINOPHENOL HCl,110952-46-0,1316
2-AMINO-3-NITROPHENOL,603-85-0,1317
2-CHLORO-5-NITRO-N-HYDROXYETHYL P-PHENYLENEDIAMINE,50610-28-1,1318
2-NITRO-p-PHENYLENEDIAMINE,5307-14-2,1319
2-NITRO-p-PHENYLENEDIAMINE DIHYDROCHLORIDE,5307-14-2,1319
2-NITRO-P-PHENYLENEDIAMINE SULFATE,5307-14-2,1319
HYDROXYETHYL-2,122252-11-3,1320
6-DINITRO-p-ANISIDINE,122252-11-3,1320
6-NITRO-2,69825-83-8,1321
5-PYRIDINEDIAMINE,69825-83-8,1321
BASIC RED 2,477-73-6,1322
ACID BLACK 52,16279-54-2,1323
HC YELLOW NO. 6,104333-00-8,1324
HC YELLOW NO. 12,59320-13-7,1325
HC BLUE NO. 10,173994-75-7,1326
HC BLUE NO. 9,114087-41-1,1327
BASIC BLUE 7,2390-60-5,1328
CI 42510,3248-93-9 -- 632-99-5,1329
BASIC VIOLET 14,3248-93-9 -- 632-99-5,1329
CI 14270,2050-34-2 -- 547-57-9,1330
ACID ORANGE 6,2050-34-2 -- 547-57-9,1330
CI 15800,27757-79-5 -- 6371-76-2,1331
CI 45350,2321-07-5 -- 518-47-8,1332
ACID YELLOW 73 SODIUM SALT,2321-07-5 -- 518-47-8,1332
ACID YELLOW 73,2321-07-5 -- 518-47-8,1332
CI 45370,596-03-2 -- 4372-02-5,1333
SOLVENT RED 72,596-03-2 -- 4372-02-5,1333
CI 45380 / ACID RED 87,15086-94-9 -- 17372-87-1 -- 15876-39-8,1334
ACID RED 87,15086-94-9 -- 17372-87-1 -- 15876-39-8,1334
PIGMENT RED 90:1 ALUMINUM LAKE,15086-94-9 -- 17372-87-1 -- 15876-39-8,1334
CI 45190 / ACID VIOLET 9,10213-95-3 -- 6252-76-2,1335
ACID VIOLET 9,10213-95-3 -- 6252-76-2,1335
CI 45425,38577-97-8 -- 33239-19-9,1336
ACID RED 95,38577-97-8 -- 33239-19-9,1336
SOLVENT RED 73,38577-97-8 -- 33239-19-9,1336
CI 45430,15905-32-5 -- 16423-68-0 -- 12227-78-0,1337
ACID RED 51,15905-32-5 -- 16423-68-0 -- 12227-78-0,1337
PIGMENT RED 172 ALUMINUM LAKE,15905-32-5 -- 16423-68-0 -- 12227-78-0,1337
4-DIAMINOPHENOL,95-86-3 -- 137-09-7,1338
4-DIAMINOPHENOL HCl,95-86-3 -- 137-09-7,1338
HYDROQUINONE,123-31-9,1339
CI 44045,2580-56-5,1340
BASIC BLUE 26,2580-56-5,1340
PONCEAU SX,4548-53-2,1341
CI 10020,19381-50-1,1342
ACID GREEN 1,19381-50-1,1342
CI 11920,2051-85-6,1343
SOLVENT ORANGE 1,2051-85-6,1343
CI 12010,6535-42-8,1344
SOLVENT RED 3,6535-42-8,1344
CI 12085,2814-77-9,1345
PIGMENT RED 4,2814-77-9,1345
CI 12370,6535-46-2,1346
PIGMENT RED 112,6535-46-2,1346
CI 12490,6410-41-9,1347
PIGMENT RED 5,6410-41-9,1347
CI 15865,3564-21-4,1348
PIGMENT RED 48,3564-21-4,1348
CI 12085,3564-21-4,1348
CI 15880,6417-83-0,1349
PIGMENT RED 63:1,6417-83-0,1349
CI 16185,915-67-3,1350
ACID RED 27,915-67-3,1350
ACID RED 27 ALUMINUM LAKE,915-67-3,1350
CI 21100,5102-83-0,1351
PIGMENT YELLOW 13,5102-83-0,1351
CI 21230 /SOLVENT YELLOW 29,6706-82-7,1352
CI 21230,6706-82-7,1352
SOLVENT YELLOW 29,6706-82-7,1352
CI 26100,85-86-9,1353
SOLVENT RED 23,85-86-9,1353
CI 27755,2118-39-0,1354
ACID BLUE 1,129-17-9,1355
CI 42045,129-17-9,1355
CI 42051 /ACID BLUE 3,3536-49-0,1356
ACID BLUE 3,3536-49-0,1356
CI 42053/ FAST GREEN FCF,2353-45-9,1357
CI 42053,2353-45-9,1357
FAST GREEN FCF,2353-45-9,1357
CI 47000 / SOLVENT YELLOW 33,8003-22-3,1358
SOLVENT YELLOW 33,8003-22-3,1358
CI 50420,8005-03-6,1359
CI 51319 / PIGMENT VIOLET 23,6358-30-1,1360
PIGMENT VIOLET 23,6358-30-1,1360
CI 58000 / PIGMENT RED 83,72-48-0,1361
PIGMENT RED 83,72-48-0,1361
CI 59040,6358-69-6,1362
SOLVENT GREEN 7,6358-69-6,1362
CI 60725 / SOLVENT VIOLET 13 / VIOLET 2,81-48-1,1363
SOLVENT VIOLET 13,81-48-1,1363
CI 61565,128-80-3,1364
SOLVENT GREEN 3,128-80-3,1364
CI 73360,2379-74-0,1365
CI 73900,1047-16-1,1366
PIGMENT VIOLET 19,1047-16-1,1366
CI 74160,147-14-8,1367
PIGMENT BLUE 15,147-14-8,1367
CI 74180,1330-38-7,1368
DIRECT BLUE 86,1330-38-7,1368
CI 74260,1328-53-6,1369
PIGMENT GREEN 7,1328-53-6,1369
DIETHYLENE GLYCOL,111-46-6,1370
PHYTONADIONE,84-80-0 -- 81818-54-4,1371
O-AMINOPHENOL,95-55-6,1372
O-AMINOPHENOL SULFATE,95-55-6,1372
N-(2-Niro-4-aminophenyl)-allylamine (HC Red No 16),160219-76-1,1373
Phenyl 4-hydroxybenzoate (INCI: Phenylparaben),17696-62-7,1376
Benzyl 4-hydroxybenzoate (INCI: Benzylparaben),94-18-8,1377
Pentyl 4-hydroxybenzoate (INCI: Pentylparaben),6521-29-5,1378
3-BENZYLIDENE CAMPHOR,15087-24-8,1379
HYDROXYISOHEXYL 3-CYCLOHEXENE CARBOXALDEHYDE,31906-04-4,1380
"2,6-Dihydroxy-4-methyl-benzaldehyde (atranol)",526-37-4,1381
"Tagetes erecta flower extract, Tagetes erecta flower oil",90131-43-4;,1383
QUATERNIUM-15,51229-78-8,1385
CHLOROACETAMIDE,79-07-2,1387
CYCLOMETHICONE,556-67-2,1388
DICHLOROMETHANE,75-09-2,1389
6-DIMETHYL-PYRAN-2-ONE,75-09-2,1389
ACETALDEHYDE,75-07-0,1391
METHYL PYRROLIDONE,872-50-4,1393
Diboron trioxide; boric oxide,1303-86-2,1394
Boric acid [1]; Boric acid [2],10043-35-3,1395
MEA-BORATE,12008-41-2,1396
MIPA-BORATE,12008-41-2,1396
PHENYL MERCURIC BORATE,12008-41-2,1396
POTASSIUM BORATE,12008-41-2,1396
SODIUM BORATE,12008-41-2,1396
SODIUM PERBORATE,12008-41-2,1396
TRIOCTYLDODECYL BORATE,12008-41-2,1396
ZINC BORATE,12008-41-2,1396
CALCIUM FRUCTOBORATE,12008-41-2,1396
POTASSIUM ASCORBYLBORATE,12008-41-2,1396
SODIUM FRUCTOBORATE,12008-41-2,1396
POTASSIUM FRUCTOBORATE,12008-41-2,1396
MAGNESIUM ASCORBYLBORATE,12008-41-2,1396
SODIUM PERBORATE,13517-20-9,1397
Dibutyltin hydrogen borate,75113-37-0,1400
Nickel bis(tetrafluoroborate),14708-14-6,1401
O-Isobutyl-N-ethoxy carbonylthiocarbamate,103122-66-3,1405
Chlorpropham (ISO); isopropyl 3-chlorocarbanilate,101-21-3,1406
O-Hexyl-N-ethoxycarbonylthiocarbamate,109202-58-6,1407
Hydroxylammonium nitrate,13465-08-2,1408
(4-Phenylbutyl)phosphinic acid,86552-32-1,1413
Potassium titanium oxide (K2Ti6O13),12056-51-8,1415
Cobalt di(acetate),71-48-7,1416
Cobalt dinitrate,10141-05-6,1417
Cobalt carbonate,513-79-1,1418
Nickel dichloride,7718-54-9,1419
"Nickel dinitrate [1]; Nitric acid, nickel salt [2]",13138-45-9,1420
Nickel matte,69012-50-6,1421
"Nickel diperchlorate; perchloric acid, nickel(II) salt",13637-71-3,1424
Nickel bis(sulfamidate); nickel sulfamate,13770-89-3,1426
Nickel di(acetate) [1]; Nickel acetate [2],373-02-4,1429
Nickel dibenzoate,553-71-9,1430
Nickel bis(4-cyclohexylbutyrate),3906-55-6,1431
Nickel(II) stearate; nickel(II) octadecanoate,2223-95-2,1432
Nickel dilactate,16039-61-5,1433
Nickel(II) octanoate,4995-91-9,1434
Nickel hexafluorosilicate,26043-11-8,1436
Nickel selenate,15060-62-5,1437
Diammonium nickel hexacyanoferrate,74195-78-1,1439
Nickel dicyanide,557-19-7,1440
Nickel chromate,14721-18-7,1441
Dinickel hexacyanoferrate,14874-78-3,1443
Trinickel bis(arsenate); nickel(II) arsenate,13477-70-8,1444
"Nickel oxalate [1]; Oxalic acid, nickel salt [2]",547-67-1,1445
Nickel telluride,12142-88-0,1446
Trinickel tetrasulfide,12137-12-1,1447
Trinickel bis(arsenite),74646-29-0,1448
Nickel tin trioxide; nickel stannate,12035-38-0,1450
Nickel triuranium decaoxide,15780-33-3,1451
Nickel dithiocyanate,13689-92-4,1452
Nickel dichromate,15586-38-6,1453
Nickel(II) selenite,10101-96-9,1454
Nickel selenide,1314-05-2,1455
"Silicic acid, lead nickel salt",68130-19-8,1456
Nickel diarsenide [1]; Nickel arsenide [2],12068-61-0,1457
Cobalt lithium nickel oxide,-,1464
Molybdenum trioxide,1313-27-5,1465
Dibutyltin dichloride; (DBTC),683-18-1,1466
Furfuryl alcohol,98-00-0,1468
6-Glycidyloxynapht-1-yl oxymethyloxirane,27610-48-6,1470
AMINOETHYLETHANOLAMINE,111-41-1,1471
"1,2-Diethoxyethane",629-14-1,1472
3-EPOXYPROPYLTRIMONIIUM CHLORIDE,3033-77-0,1473
"4,4'-(1,3-Phenylene-bis(1-methylethylidene))bis-phenol",13595-25-0,1476
2-Chloro-6-fluoro-phenol,2040-90-6,1477
2-Methyl-5-tert-butylthiophenol,-,1478
"Androsta-1,4,9(11)-triene-3,17-dione",15375-21-0,1483
3-Oxoandrost-4-ene-17-ß-carboxylic acid,302-97-6,1488
(Z)-2-Methoxymino-2-[2-(tritylamino)thiazol-4-yl]acetic acid,64485-90-1,1489
TRISODIUM NTA,5064-31-3,1490
ETHYLHEXYL ETHYLHEXANOATE,7425-14-1,1491
Diisobutyl phthalate,84-69-5,1492
1-Bromo-2-methylpropyl propionate,158894-67-8,1495
Chloro-1-ethylcyclohexyl carbonate,99464-83-2,1496
4-Mesyl-2-nitrotoluene,1671-49-4,1499
"N,N'-Diacetylbenzidine",613-35-4,1502
CYCLOHEXYLAMINE,108-91-8,1503
Piperazine,110-85-0,1504
Hydroxylamine,7803-49-8,1505
(3-Chloro-2-hydroxypropyl) trimethylammonium chloride,3327-22-8,1510
"Biphenyl-3,3',4,4'-tetrayltetraamine; diaminobenzidine",91-95-2,1511
3-(Piperazin-1-yl)-benzo[d]isothiazole hydrochloride,87691-88-1,1513
2-Ethylphenylhydrazine hydrochloride,19398-06-2,1514
(2-Chloroethyl)(3-hydroxypropyl)ammonium chloride,40722-80-3,1515
"Chloro-N,N-dimethylformiminium chloride",3724-43-4,1517
7-Methoxy-6-(3-morpholin-4-yl-propoxy)-3H-quinazolin-4-one,199327-61-2,1518
3-Chloro-4-(3-fluorobenzyloxy)aniline,202197-26-0,1520
"(R,S)-2-Amino-3,3-dimethylbutane amide",144177-62-8,1522
3-Amino-9-ethyl carbazole; 9-ethylcarbazol-3-ylamine,132-32-1,1523
Forchlorfenuron (ISO); 1-(2-chloro-4-pyridyl)-3-phenylurea,68157-60-8,1525
Quinoline,91-22-5,1527
KETOCONAZOLE,65277-42-1,1528
Trimethylopropane tri(3-aziridinylpropanoate); (TAZ),52234-82-9,1532
METHYLENE DIPHENYL DIISOCYANATE,101-68-8,1533
"N,N-(Dimethylamino)thioacetamide hydrochloride",27366-72-9,1537
Tris[2-chloro-1-(chloromethyl)ethyl] phosphate,13674-87-8,1543
Indium phosphide,22398-80-7,1544
Trixylyl phosphate,25155-23-1,1545
Tetrahydrofuran,109-99-9,1547
4-T-BUTYLBENZOIC ACID,98-73-7,1549
Fuberidazole (ISO); 2-(2-furyl)-1H-benzimidazole,3878-19-1,1551
Di-tert-butyl peroxide,110-05-4,1553
Trichloromethylstannane,993-16-8,1554
Dihexyl phthalate,84-75-3,1559
Ammonium pentadecafluorooctanoate,3825-26-1,1560
Perfluorooctanoic acid,335-67-1,1561
ETHYL PYRROLIDONE,2687-91-4,1562
Gallium arsenide,1303-00-0,1564
VINYL ACETATE,108-05-4,1565
Aclonifen (ISO); 2-chloro-6-nitro-3-phenoxyaniline,74070-46-5,1566
Dimethyltin dichloride,753-73-1,1568
4-Vinylcyclohexene,100-40-3,1569
Fenoxycarb (ISO); ethyl [2-(4-phenoxyphenoxy)ethyl]carbamate,72490-01-8,1574
STYRENE,100-42-5,1575
TETRAHYDROFURFURYL ALCOHOL,97-99-4,1576
FORMALDEHYDE,50-00-0,1577
Paraformaldehyde,30525-89-4,1578
METHYLENE GLYCOL,463-57-0,1579
Tributyltin compounds,-,1581
"Dodemorph (ISO); 4-cyclododecyl-2,6-dimethylmorpholine",1593-77-7,1588
IMIDAZOLE,288-32-4,1589
METHYLTHIOPHENYL MORPHOLINO ISOBUTANONE,71868-10-5,1592
"2,3-Epoxypropyl methacrylate; glycidyl methacrylate",106-91-2,1593
Cyanamide; carbanonitril,420-04-2,1595
AMMONIUM SILVER ZINC ALUMINUM SILICATE,130328-20-0,1597
Cadmium carbonate,513-78-0,1598
Cadmium hydroxide; cadmium dihydroxide,21041-95-2,1599
Cadmium nitrate; cadmium dinitrate,10325-94-7,1600
Dibutyltin dilaurate; dibutyl[bis(dodecanoyloxy)] stannane,77-58-7,1601
CHLOROPHENE,120-32-1,1602
ANTHRAQUINONE,84-65-1,1603
Methylhydrazine,60-34-4,1608
Potassium permanganate,7722-64-7,1613
BENZYL DIMETHYLAMINO MORPHOLINOPHENYL BUTANONE,119313-12-1,1614
TETRAMETHRIN,7696-12-0,1618
N-VINYL IMIDAZOLE,1072-63-5,1622
"1,2-Dichloropropane; propylene dichloride",78-87-5,1625
e-Glass microfibres of representative composition,-,1632
Glass microfibres of representative composition,-,1633
Dicyclohexyl phthalate,84-61-7,1637
"3,7-Dimethylocta-2,6- dienenitrile",5146-66-7,1638
tert-Butyl hydroperoxide,75-91-2,1641
4-TRIHYDROXYBENZENE,533-73-3,1642
6-AMINO-M-CRESOL,2835-98-5,1643
4-AMINO-2-NITRODIPHENYLAMINE-2'-CARBOXYLIC ACID,117907-43-4,1644
Cobalt,7440-48-4,1645
Methylmercuric chloride,115-09-3,1647
Benzo[rst]pentaphene,189-55-9,1648
"Dibenzo[b,def]chrysene; dibenzo[a,h]pyrene",189-64-0,1649
Diisohexyl phthalate,71850-09-4,1652
2-methylimidazole,693-98-1,1654
"Dibutylbis(pentane-2,4- dionato-O,O')tin",22673-19-4,1656
"Dibenzo[def,p]chrysene; dibenzo[a,l]pyrene",191-30-0,1661
Bis(2-(2-methoxyethoxy)ethyl)ether; tetraglyme,143-24-8,1663
"2,2-bis(bromomethyl) propane-1,3-diol",3296-90-0,1665
BUTYLPHENYL METHYLPROPIONAL,80-54-6,1666
Diisooctyl phthalate,27554-26-3,1667
METHOXYETHYL ACRYLATE,3121-61-7,1668
SODIUM HYDROXYMETHYLGLYCINATE,70161-44-3,1669
ZINC PYRITHIONE,13463-41-7,1670
N-(hydroxymethyl)acrylamide; methylolacrylamide; [NMA],924-42-5,1673
Dichlorodioctylstannane,3542-36-7,1676
Hymexazol (ISO); 3-hydroxy-5-methylisoxazole,10004-44-1,1678
"Bis(α,α-dimethylbenzyl) peroxide",80-43-,1680
Tetrafluoroethylene,116-14-3,1681
"6,6'-di-tert-butyl-2,2'-methylenedi-p-cresol;[DBMC]",119-47-1,1682
3-methylpyrazole,1453-58-3,1686
4-methylpentan-2-one; isobutyl methyl ketone (MIBK),108-10-1,1689
Desmedipham (ISO); ethyl 3-phenylcarbamoyloxyphenylcarbamate,13684-56-5,1694
Ammonium bromide,12124-97-9,1695
Dibutyltin bis(2-ethylhexanoate),2781-10-4,1696
Dibutyltin di(acetate),1067-33-0,1697
Tellurium dioxide,7446-07-3,1698
Barium diboron tetraoxide,13701-59-2,1699
"2,4,6-tri-tert-butylphenol",732-26-3,1701
"4,4’-sulphonyldiphenol; bisphenol S",80-09-1,1702
BENZOPHENONE,119-61-9,1703
"Quinoclamine (ISO); 2-amino-3-chloro-1,4-naphthoquinone",2797-51-5,1704
Perfluoroheptanoic acid; tridecafluoroheptanoic acid,375-85-9,1705
"Theophylline; 1,3-dimethyl-3,7-dihydro-1H-purine-2,6-dione",58-55-9,1710
"1,3,5-triazine-2,4,6-triamine; melamine",108-78-1,1711
N-(2-nitrophenyl)phosphoric triamide,874819-71-3,1713
Cumene,98-82-8,1717
TRIMETHYLOLPROPANE TRIACRYLATE,15625-89-5,1718
PENTASODIUM PENTETATE,140-01-2,1721
STYRENE/ACRYLATES COPOLYMER,9010-92-8,1725
SODIUM STYRENE/ACRYLATES COPOLYMER,9010-92-8,1725
Copper (nano) [INCI] Colloidal Copper (nano) [INCI],7440-50-8,1726
COLLOIDAL SILVER,7440-22-4,1727
COLLOIDAL GOLD,7440-57-5,1728
GOLD THIOETHYLAMINO HYALURONIC ACID,7440-57-5,1728
COLLOIDAL PLATINUM,7440-06-4,1729
PLATINUM,7440-06-4,1729
4-METHYLBENZYLIDENE CAMPHOR,36861-47-9,1730
TRIMETHYLBENZOYL DIPHENYLPHOSPHINE OXIDE,75980-60-8,1731
dimethyl propylphosphonate,18755-43-6,1739
dibutyltin maleate,78-04-6,1740
dibutyltin oxide,818-08-6,1741
DIMETHYLTOLYLAMINE,99-97-8,1745
"1,4-Benzenediamine, N,N’-mixed Ph and tolyl derivs.",68953-84-4,1746
4-nitrosomorpholine,59-89-2,1747
4-methylimidazole,822-36-6,1749
"3,3'-dimethylbiphenyl-4,4'-diyl diisocyanate",91-97-4,1750
Acetone oxime,127-06-0,1754
"2,3-epoxypropyl neodecanoate",26761-45-5,1756
Sodium 3-(allyloxy)-2-hydroxypropanesulphonate,52556-42-0,1759
"1,4-dichloro-2-nitrobenzene",89-61-2,1760
"N,N’-methylenediacrylamide",110-26-9,1762
tert-butyl 2-ethylperoxyhexanoate,3006-82-4,1763
Trimethyl borate,121-43-7,1764
Triphenyl Phosphate,115-86-6,1767
