AMMONIUM THIOGLYCOLATE,68-11-1,2a
CALCIUM THIOGLYCOLATE,68-11-1,2a
ETHANOLAMINE THIOGLYCOLATE,68-11-1,2a
MAGNESIUM THIOGLYCOLATE,68-11-1,2a
POTASSIUM THIOGLYCOLATE,68-11-1,2a
SODIUM THIOGLYCOLATE,68-11-1,2a
STRONTIUM THIOGLYCOLATE,68-11-1,2a
THIOGLYCOLIC ACID,68-11-1,2a
CALCIUM THIOGLYCOLATE HYDROXIDE,68-11-1,2a
BUTYL THIOGLYCOLATE,-,2b
ETHYL THIOGLYCOLATE,-,2b
GLYCERYL THIOGLYCOLATE,-,2b
ISOOCTYL THIOGLYCOLATE,-,2b
ISOPROPYL THIOGLYCOLATE,-,2b
METHYL THIOGLYCOLATE,-,2b
DIBUTYL OXALATE,144-62-7,3
DIETHYL OXALATE,144-62-7,3
DIISOBUTYL OXALATE,144-62-7,3
DIISOPROPYL OXALATE,144-62-7,3
DILITHIUM OXALATE,144-62-7,3
DIMETHYL OXALATE,144-62-7,3
DIPOTASSIUM OXALATE,144-62-7,3
DIPROPYL OXALATE,144-62-7,3
OXALIC ACID,144-62-7,3
SODIUM OXALATE,144-62-7,3
AMMONIA,7664-41-7,4
AMMONIUM HYDROXIDE,7664-41-7,4
CHLORAMINE T,127-65-1,5
POTASSIUM CHLORATE,3811-04-9,6
SODIUM CHLORATE,3811-04-9,6
p-Phenylenediamine,106-50-3,8a
p-PHENYLENEDIAMINE HCl,106-50-3,8b
p-PHENYLENEDIAMINE SULFATE,106-50-3,8b
N'-BIS(2-HYDROXYETHYL)-2-NITRO-P-PHENYLENEDIAMINE,84041-77-0;,8c
N-PHENYL-P-PHENYLENEDIAMINE,-,8
N-PHENYL-P-PHENYLENEDIAMINE HCL,-,8
N-PHENYL-P-PHENYLENEDIAMINE SULFATE,-,8
N-BIS(2-HYDROXYETHYL)-P-PHENYLENEDIAMINE SULFATE,-,8
TOLUENE-2,95-70-5,9a
5-DIAMINE,95-70-5,9a
5-DIAMINE SULFATE,95-70-5,9a
"2,6-Dihydroxyethylaminotoluene",149330-25-6;,9b
6-DIHYDROXYETHYLAMINOTOLUENE,-,9
"Methylphenylenediamines, their N- substituted derivatives",-,9
Diaminophenols (1),-,10
DICHLOROPHENE,97-23-4,11
CALCIUM PEROXIDE,7722-84-1,12
HYDROGEN PEROXIDE,7722-84-1,12
MAGNESIUM PEROXIDE,7722-84-1,12
SODIUM CARBONATE PEROXIDE,7722-84-1,12
SODIUM PERBORATE,7722-84-1,12
STRONTIUM PEROXIDE,7722-84-1,12
UREA PEROXIDE,7722-84-1,12
ZINC PEROXIDE,7722-84-1,12
PVP-HYDROGEN PEROXIDE,7722-84-1,12
HYDROQUINONE,123-31-9,14
POTASSIUM HYDROXIDE,1310-58-3,15a
SODIUM HYDROXIDE,1310-58-3,15a
LITHIUM HYDROXIDE,1310-65-2,15b
CALCIUM HYDROXIDE,1305-62-0,15c
1-NAPHTHOL,90-15-3,16
1-Naphthol,90-15-3,16
SODIUM NITRITE,7632-00-0,17
NITROMETHANE,75-52-5,18
QUININE,130-95-0,21
RESORCINOL,108-46-3,22
BARIUM SULFIDE,-,23
CALCIUM SULFIDE,-,23
LITHIUM SULFIDE,-,23
MAGNESIUM SULFIDE,-,23
SODIUM SULFIDE,-,23
STRONTIUM SULFIDE,-,23
POTASSIUM SULFIDE,-,23
ZINC ACETATE,557-34-6,24
ZINC CHLORIDE,557-34-6,24
ZINC GLUCONATE,557-34-6,24
ZINC GLUTAMATE,557-34-6,24
ZINC SULFATE,557-34-6,24
LACTOBACILLUS LAC/CALCIUM/PHOSPHOROUS/MAGNESIUM/ZINC FERMENT,557-34-6,24
PORPHYRIDIUM/ZINC FERMENT,557-34-6,24
ZINC ASPARTATE,557-34-6,24
ZINC BORATE,557-34-6,24
ZINC DIBUTYLDITHIOCARBAMATE,557-34-6,24
ZINC GLUCOHEPTONATE,557-34-6,24
ZINC LACTATE,557-34-6,24
ZINC PCA,557-34-6,24
ZINC PENTADECENE TRICARBOXYLATE,557-34-6,24
LACTOBACILLUS/MILK/MANGANESE/ZINC FERMENT LYSATE,557-34-6,24
SODIUM ZINC CETYL PHOSPHATE,557-34-6,24
ZINC ADENOSINE TRIPHOSPHATE,557-34-6,24
ZINC ASCORBATE,557-34-6,24
ZINC COCETH SULFATE,557-34-6,24
ZINC COCO-SULFATE,557-34-6,24
ZINC CYSTEINATE,557-34-6,24
ZINC GLYCINATE,557-34-6,24
ZINC MAGNESIUM ASPARTATE,557-34-6,24
ZINC SALICYLATE,557-34-6,24
ZINC THIOSALICYLATE,557-34-6,24
ZINC UNDECYLENOYL HYDROLYZED WHEAT PROTEIN,557-34-6,24
SACCHAROMYCES/ZINC FERMENT,557-34-6,24
ZINC CITRATE,557-34-6,24
ZINC FORMALDEHYDE SULFOXYLATE,557-34-6,24
ZINC HYDROLYZED COLLAGEN,557-34-6,24
ZINC HYDROLYZED HYALURONATE,557-34-6,24
ZINC PHENOLSULFONATE,127-82-2,25
AMMONIUM MONOFLUOROPHOSPHATE,20859-38-5 -- 66115-19-3,26
SODIUM MONOFLUOROPHOSPHATE,10163-15-2 -- 7631-97-2,27
POTASSIUM MONOFLUOROPHOSPHATE,14104-28-0,28
CALCIUM MONOFLUOROPHOSPHATE,7789-74-4,29
CALCIUM FLUORIDE,7789-75-5,30
SODIUM FLUORIDE,7681-49-4,31
POTASSIUM FLUORIDE,7789-23-3,32
AMMONIUM FLUORIDE,12125-01-8,33
ALUMINUM FLUORIDE,7784-18-1,34
STANNOUS FLUORIDE,7783-47-3,35
CETYLAMINE HYDROFLUORIDE,3151-59-5,36
OCTADECENYL-AMMONIUM FLUORIDE,36505-83-6,39
SODIUM FLUOROSILICATE,16893-85-9,40
POTASSIUM FLUOROSILICATE,16871-90-2,41
AMMONIUM FLUOROSILICATE,16919-19-0,42
MAGNESIUM FLUOROSILICATE,16949-65-8,43
DIMETHYLOL ETHYLENE THIOUREA,15534-95-9,44
BENZYL ALCOHOL,100-51-6,45
6-METHYL COUMARIN,92-48-8,46
NICOMETHANOL HYDROFLUORIDE,62756-44-9,47
SILVER NITRATE,7761-88-8,48
SELENIUM SULFIDE,7488-56-4,49
ALUMINUM ZIRCONIUM OCTACHLOROHYDRATE,-,50
ALUMINUM ZIRCONIUM OCTACHLOROHYDREX GLY,-,50
ALUMINUM ZIRCONIUM PENTACHLOROHYDRATE,-,50
ALUMINUM ZIRCONIUM PENTACHLOROHYDREX GLY,-,50
ALUMINUM ZIRCONIUM TETRACHLOROHYDRATE,-,50
ALUMINUM ZIRCONIUM TETRACHLOROHYDREX GLY,-,50
ALUMINUM ZIRCONIUM TETRACHLOROHYDREX PEG,-,50
ALUMINUM ZIRCONIUM TETRACHLOROHYDREX PG,-,50
ALUMINUM ZIRCONIUM TRICHLOROHYDRATE,-,50
ALUMINUM ZIRCONIUM TRICHLOROHYDREX GLY,-,50
OXYQUINOLINE SULFATE,134-31-6,51
METHYL ALCOHOL,67-56-1,52
ETIDRONIC ACID,2809-21-4,53
TETRAPOTASSIUM ETIDRONATE,2809-21-4,53
TETRASODIUM ETIDRONATE,2809-21-4,53
DISODIUM ETIDRONATE,2809-21-4,53
PHENOXYISOPROPANOL,770-35-4,54
MAGNESIUM FLUORIDE,7783-40-6,56
STRONTIUM CHLORIDE,10476-85-4,57
STRONTIUM CHLORIDE HEXAHYDRATE,10476-85-4,57
STRONTIUM ACETATE,543-94-2,58
TALC,14807-96-6,59
ALMONDAMIDE DEA,-,60
APRICOTAMIDE DEA,-,60
AVOCADAMIDE DEA,-,60
BABASSUAMIDE DEA,-,60
BEHENAMIDE DEA,-,60
CAPRAMIDE DEA,-,60
CETYL-PG HYDROXYETHYL DECANAMIDE,-,60
CETYL-PG HYDROXYETHYL PALMITAMIDE,-,60
COCAMIDE DEA,-,60
HYDROGENATED TALLOWAMIDE DEA,-,60
ISOSTEARAMIDE DEA,-,60
LANOLINAMIDE DEA,-,60
LAURAMIDE DEA,-,60
LAURAMIDE/MYRISTAMIDE DEA,-,60
LECITHINAMIDE DEA,-,60
LINOLEAMIDE DEA,-,60
MINKAMIDE DEA,-,60
MYRISTAMIDE DEA,-,60
OLEAMIDE DEA,-,60
OLIVAMIDE DEA,-,60
PALM KERNELAMIDE DEA,-,60
PALMAMIDE DEA,-,60
PALMITAMIDE DEA,-,60
RICINOLEAMIDE DEA,-,60
SESAMIDE DEA,-,60
SOYAMIDE DEA,-,60
STEARAMIDE DEA,-,60
TALLAMIDE DEA,-,60
TALLOWAMIDE DEA,-,60
UNDECYLENAMIDE DEA,-,60
WHEAT GERMAMIDE DEA,-,60
CORNAMIDE DEA,-,60
CORNAMIDE/COCAMIDE DEA,-,60
DIETHYL CAPRYLAMIDE,-,60
DIMETHYL CAPRAMIDE,-,60
HYDROXYCETYL HYDROXYETHYLSTEARAMIDE,-,60
N-LAURYL DIETHANOLAMINE,-,60
LACTAMIDE DEA,-,60
RICEBRANAMIDE DEA,-,60
OLEAMIDE DIPA,-,60
AVOCADAMIDE DIPA,-,60
COCAMIDE DIPA,-,60
SESAMIDE DIPA,-,60
LAURAMIDE DIPA,-,60
MYRISTAMIDE DIPA,-,60
AMP-ACRYLATES/DIACETONEACRYLAMIDE COPOLYMER,-,61
AMP-ACRYLATES/DIMETHYLAMINOETHYLMETHACRYLATE COPOLYMER,-,61
CICLOPIROX OLAMINE,-,61
ETHANOLAMINE,-,61
ETHANOLAMINE GLYCEROPHOSPHATE,-,61
ETHANOLAMINE HCl,-,61
ETHANOLAMINE THIOGLYCOLATE,-,61
HYDROGENATED TALLOWAMINE,-,61
ISOPROPANOLAMINE,-,61
ISOPROPANOLAMINE LANOLATE,-,61
ISOPROPYLAMINE,-,61
ISOPROPYLAMINE DODECYLBENZENESULFONATE,-,61
LAURAMINE,-,61
MEA O-PHENYLPHENATE,-,61
MEA-BENZOATE,-,61
MEA-BORATE,-,61
MEA-DICETEARYL PHOSPHATE,-,61
MEA-HYDROLYZED SILK,-,61
MEA-LAURETH SULFATE,-,61
MEA-LAURYL SULFATE,-,61
MEA-SALICYLATE,-,61
MEA-THIOLACTATE,-,61
MEA-UNDECYLENATE,-,61
MIPA-BORATE,-,61
MIPA-LAURYL SULFATE,-,61
OLEAMINE,-,61
PIROCTONE OLAMINE,-,61
SOYAMINE,-,61
STEARAMINE,-,61
AMP-ACRYLATES/ALLYL METHACRYLATE COPOLYMER,-,61
AMP-ACRYLATES/ETHYLHEXYL ACRYLATE COPOLYMER,-,61
AMP-ISOSTEAROYL HYDROLYZED ELASTIN,-,61
AMP-ISOSTEAROYL HYDROLYZED KERATIN,-,61
AMP-ISOSTEAROYL HYDROLYZED SILK,-,61
AMP-ISOSTEAROYL WHEAT/CORN/SOY AMINO ACIDS,-,61
BABASSUAMIDE MEA,-,61
MIPA-MYRISTATE,-,61
LYSOPHOSPHATIDYLETHANOLAMINE,-,61
MEA-BIOTINATE,-,61
MEA-SULFITE,-,61
SODIUM/MEA-PEG-3 COCAMIDE SULFATE,-,61
2-AMINOBUTANOL,-,61
AMINOMETHYL PROPANOL,-,61
AMP-ACRYLATES COPOLYMER,-,61
AMP-ISOSTEAROYL HYDROLYZED COLLAGEN,-,61
AMP-ISOSTEAROYL HYDROLYZED SOY PROTEIN,-,61
AMP-ISOSTEAROYL HYDROLYZED WHEAT PROTEIN,-,61
COCAMINE,-,61
ETHANOLAMINE DITHIODIGLYCOLATE,-,61
MIPA C12-15 PARETH SULFATE,-,61
MIPA-DODECYLBENZENESULFONATE,-,61
MIPA-LAURETH SULFATE,-,61
MEA-HYDROLYZED COLLAGEN,-,61
MEA-LAURETH-6 CARBOXYLATE,-,61
MEA PPG-6 LAURETH-7 CARBOXYLATE,-,61
MEA-PPG-8-STEARETH-7 CARBOXYLATE,-,61
PALMITAMINE,-,61
SODIUM/MEA LAURETH-2 SULFOSUCCINATE,-,61
TROMETHAMINE,-,61
TALLOW AMINE,-,61
MEA-COCOATE,-,61
PALMAMINE,-,61
SUNFLOWERAMIDE MEA,-,61
DIBEHENYL METHYLAMINE,-,62
DIMETHYL BEHENAMINE,-,62
DIMETHYL COCAMINE,-,62
DIMETHYL HYDROGENATED TALLOWAMINE,-,62
DIMETHYL LAURAMINE,-,62
DIMETHYL LAURAMINE ISOSTEARATE,-,62
DIMETHYL MYRISTAMINE,-,62
DIMETHYL PALMITAMINE,-,62
DIMETHYL SOYAMINE,-,62
DIMETHYL STEARAMINE,-,62
DIMETHYL TALLOWAMINE,-,62
DI-TEA-OLEAMIDO PEG-2 SULFOSUCCINATE,-,62
DI-TEA-PALMITOYL ASPARTATE,-,62
LAURYL DIMETHYLAMINE CYCLOCARBOXYPROPYLOLEATE,-,62
MAGNESIUM/TEA-COCO-SULFATE,-,62
METHYL DICOCAMINE,-,62
SODIUM/TEA-UNDECYLENOYL ALGINATE,-,62
SODIUM/TEA-UNDECYLENOYL CARRAGEENAN,-,62
SULFURIZED TEA-RICINOLEATE,-,62
TEA-C10-15 ALKYL SULFATE,-,62
TEA-C12-13 ALKYL SULFATE,-,62
TEA-C12-14 ALKYL SULFATE,-,62
TEA-C12-15 ALKYL SULFATE,-,62
TEA-COCOATE,-,62
TEA-COCOYL GLUTAMATE,-,62
TEA-COCOYL HYDROLYZED COLLAGEN,-,62
TEA-COCOYL SARCOSINATE,-,62
TEA-EDTA,-,62
TEA-HYDROCHLORIDE,-,62
TEA-LACTATE,-,62
TEA-LAUROYL GLUTAMATE,-,62
TEA-LAUROYL LACTYLATE,-,62
TEA-LAUROYL METHYLAMINOPROPIONATE,-,62
TEA-LAURYL SULFATE,-,62
TEA-MYRISTATE,-,62
TEA-OLEATE,-,62
TEA-PALMITATE,-,62
TEA-PEG-3 COCAMIDE SULFATE,-,62
TEA-PHENYLBENZIMIDAZOLE SULFONATE,-,62
TEA-SALICYLATE,-,62
TEA-SORBATE,-,62
TEA-STEARATE,-,62
TEA-SULFATE,-,62
TEA-TALLATE,-,62
TEA-TRIDECYLBENZENESULFONATE,-,62
TEA-UNDECYLENATE,-,62
TIPA-LAURETH SULFATE,-,62
TRIETHANOLAMINE,-,62
TRIISOPROPANOLAMINE,-,62
TRILAURYLAMINE,-,62
DI-TEA-COCAMIDE DIACETATE,-,62
POLYURETHANE-17,-,62
POLYURETHANE-18,-,62
POLYURETHANE-19,-,62
POLYURETHANE-21,-,62
TIPA-ACRYLATES/ETHYLHEXYL ACRYLATE COPOLYMER,-,62
TIPA-MYRISTATE,-,62
TEA-ACRYLATES/ETHYLHEXYL ACRYLATE COPOLYMER,-,62
TEA-ALGINATE,-,62
TEA-C11-15 ALKYL SULFATE,-,62
TEA-C12-13 ALKYL PHOSPHATE,-,62
TEA-C12-13 PARETH-3 SULFATE,-,62
TEA-C12-14 ALKYL PHOSPHATE,-,62
TEA-COCAMIDE DIACETATE,-,62
TEA-COCOYL ALANINATE,-,62
TEA-COCOYL GLUTAMINATE,-,62
TEA-COCOYL GLYCINATE,-,62
TEA-DEXTRIN OCTENYLSUCCINATE,-,62
TEA-DIETHANOLAMINOETHYL POLYISOBUTENYLSUCCINATE,-,62
TEA-DIMETHICONE PEG-7 PHOSPHATE,-,62
TEA-GLYCERYL DIMALEATE,-,62
TEA-HYDROGENATED COCOATE,-,62
TEA-HYDROGENATED TALLOWOYL GLUTAMATE,-,62
TEA-LAURATE/MYRISTATE,-,62
TEA-LAURETH-4 PHOSPHATE,-,62
TEA-C11-15 PARETH SULFATE,-,62
TEA-LAUROYL/MYRISTOYL ASPARTATE,-,62
TEA-LAURYL PHOSPHATE,-,62
TEA-PEG-50 HYDROGENATED CASTOR OIL SUCCINATE,-,62
DIMETHYL LAURAMINE DIMER DILINOLEATE,-,62
DIMETHYL LAURAMINE OLEATE,-,62
DISTEARYLDIMETHYLAMINE DILINOLEATE,-,62
SODIUM/TEA-UNDECYLENOYL COLLAGEN AMINO ACIDS,-,62
SODIUM/TEA-UNDECYLENOYL HYDROLYZED COLLAGEN,-,62
SODIUM/TEA-UNDECYLENOYL HYDROLYZED CORN PROTEIN,-,62
SODIUM/TEA-UNDECYLENOYL HYDROLYZED SOY PROTEIN,-,62
SODIUM/TEA-UNDECYLENOYL HYDROLYZED WHEAT PROTEIN,-,62
SODIUM/TEA-LAUROYL COLLAGEN AMINO ACIDS,-,62
SODIUM/TEA-LAUROYL HYDROLYZED COLLAGEN,-,62
SODIUM/TEA-LAUROYL HYDROLYZED KERATIN,-,62
SODIUM/TEA-LAUROYL KERATIN AMINO ACIDS,-,62
TIPA-LAURYL SULFATE,-,62
TIPA-STEARATE,-,62
TEA-ABIETOYL HYDROLYZED COLLAGEN,-,62
TEA-ACRYLATES/ACRYLONITROGENS COPOLYMER,-,62
TEA-CANOLATE,-,62
TEA-CARBOMER,-,62
TEA-COCO-SULFATE,-,62
TEA-COCOYL HYDROLYZED SOY PROTEIN,-,62
TEA-DODECYLBENZENESULFONATE,-,62
TEA-HYDROIODIDE,-,62
TEA-ISOSTEARATE,-,62
TEA-ISOSTEAROYL HYDROLYZED COLLAGEN,-,62
TEA-LANETH-5 SULFATE,-,62
TEA-LAURAMINOPROPIONATE,-,62
TEA-LAURATE,-,62
TEA-LAURETH SULFATE,-,62
TEA-LAUROYL COLLAGEN AMINO ACIDS,-,62
TEA-LAUROYL HYDROLYZED COLLAGEN,-,62
TEA-LAUROYL KERATIN AMINO ACIDS,-,62
TEA-LAUROYL SARCOSINATE,-,62
TEA-MYRISTAMINOPROPIONATE,-,62
TEA-MYRISTOYL HYDROLYZED COLLAGEN,-,62
TEA-OLEOYL HYDROLYZED COLLAGEN,-,62
TEA-OLEOYL SARCOSINATE,-,62
TEA-OLEYL SULFATE,-,62
TEA-PALM KERNEL SARCOSINATE,-,62
TEA-PCA,-,62
TEA-ROSINATE,-,62
TEA-UNDECYLENOYL HYDROLYZED COLLAGEN,-,62
TEA-C8-18 PERFLUOROALKYLETHYL PHOSPHATE,-,62
HYDROXYETHYL ISOSTEARYLOXY ISOPROPANOLAMINE,-,62
BUTYL DIETHANOLAMINE,-,62
TEA C14-17 ALKYL SEC SULFONATE,-,62
DIHYDROGENATED TALLOW METHYLAMINE,-,62
SODIUM/TEA C12-13 PARETH-3 SULFATE,-,62
DICOCODIMETHYLAMINE DILINOLEATE,-,62
POLYURETHANE-46,-,62
STRONTIUM HYDROXIDE,18480-07-4,63
STRONTIUM PEROXIDE,1314-18-7,64
BENZALKONIUM BROMIDE,91080-29-4,65
BENZALKONIUM CHLORIDE,91080-29-4,65
BENZALKONIUM SACCHARINATE,91080-29-4,65
CETALKONIUM CHLORIDE,91080-29-4,65
CETEARALKONIUM BROMIDE,91080-29-4,65
HYDROGENATED TALLOWALKONIUM CHLORIDE,91080-29-4,65
STEARALKONIUM CHLORIDE,91080-29-4,65
TALLOWALKONIUM CHLORIDE,91080-29-4,65
COCOALKONIUM CHLORIDE,91080-29-4,65
ACRYLAMIDE/SODIUM ACRYLATE COPOLYMER,-,66
ACRYLAMIDES COPOLYMER,-,66
ACRYLATES/ACRYLAMIDE COPOLYMER,-,66
CORN STARCH/ACRYLAMIDE/SODIUM ACRYLATE COPOLYMER,-,66
POLYACRYLAMIDE,-,66
POLYQUATERNIUM-5,-,66
POLYQUATERNIUM-7,-,66
STARCH/ACRYLATES/ACRYLAMIDE COPOLYMER,-,66
STYRENE/ACRYLAMIDE COPOLYMER,-,66
ACRYLAMIDE/AMMONIUM ACRYLATE COPOLYMER,-,66
ACRYLAMIDE/ETHALKONIUM CHLORIDE ACRYLATE COPOLYMER,-,66
ACRYLAMIDE/SODIUM ACRYLOYLDIMETHYLTAURATE COPOLYMER,-,66
ACRYLAMIDOPROPYLTRIMONIUM CHLORIDE/ACRYLAMIDE COPOLYMER,-,66
AMINOETHYLPROPANEDIOL-ACRYLATES/ACRYLAMIDE COPOLYMER,-,66
POLYACRYLATE-10,-,66
POLYACRYLATE-11,-,66
POLYACRYLATE-13,-,66
POLYACRYLATE-2,-,66
POLYACRYLATE-7,-,66
SODIUM ACRYLOYLDIMETHYL TAURATE/ACRYLAMIDE/VP COPOLYMER,-,66
POLYQUATERNIUM-43,-,66
POLYQUATERNIUM-53,-,66
POLYQUATERNIUM-63,-,66
POTASSIUM ACRYLATES/ACRYLAMIDE COPOLYMER,-,66
POLYQUATERNIUM-32,-,66
POLYQUATERNIUM-33,-,66
POLYQUATERNIUM-39,-,66
POLYQUATERNIUM-15,-,66
POLY[OXYMETHYLENE MELAMINE ACRYLATES/ACRYLAMIDE],-,66
POLYQUATERNIUM-94,-,66
POLYACRYLATE-31,-,66
AMYL CINNAMAL,122-40-7,67
CINNAMYL ALCOHOL,104-54-1,69
CITRAL,5392-40-5; 141-27-5; 106-26-3,70
EUGENOL,97-53-0,71
HYDROXYCITRONELLAL,107-75-5,72
ISOEUGENOL,97-54-1; 5932-68-3; 5912-86-7,73
AMYLCINNAMYL ALCOHOL,101-85-9,74
BENZYL SALICYLATE,118-58-1,75
CINNAMAL,104-55-2,76
COUMARIN,91-64-5,77
GERANIOL,106-24-1,78
ANISE ALCOHOL,105-13-5,80
BENZYL CINNAMATE,103-41-3,81
FARNESOL,4602-84-0,82
LINALOOL,78-70-6,84
d-allo-OCIMENOL,78-70-6,84
l-allo-OCIMENOL,78-70-6,84
BENZYL BENZOATE,120-51-4,85
CITRONELLOL,106-22-9,86
HEXYL CINNAMAL,101-86-0,87
1-METHYL-4-METHYLVINYL-CYCLOHEXENE,138-86-3,88
LIMONENE,138-86-3,88
METHYL 2-OCTYNOATE,111-12-6,89
ALPHA-ISOMETHYL IONONE,127-51-5,90
EVERNIA PRUNASTRI EXTRACT,90028-68-5,91
EVERNIA PRUNASTRI LICHEN EXTRACT,90028-68-5,91
EVERNIA FURFURACEA LICHEN EXTRACT,90028-67-4,92
EVERNIA FURFURACEA EXTRACT,90028-67-4,92
DIAMINOPYRIMIDINE OXIDE,74638-76-9,93
BENZOYL PEROXIDE,94-36-0,94
p-HYDROXYANISOLE,150-76-5,95
MUSK XYLENE,81-15-2,96
MUSK KETONE,81-14-1,97
SALICYLIC ACID,69-72-7,98
CALCIUM SALICYLATE,69-72-7,98
MAGNESIUM SALICYLATE,69-72-7,98
MEA- SALICYLATE,69-72-7,98
SODIUM SALICYLATE,69-72-7,98
POTASSIUM SALICYLATE,69-72-7,98
TEA- SALICYLATE,69-72-7,98
AMMONIUM BISULFITE,-,99
AMMONIUM SULFITE,-,99
POTASSIUM METABISULFITE,-,99
POTASSIUM SULFITE,-,99
SODIUM BISULFITE,-,99
SODIUM METABISULFITE,-,99
SODIUM SULFITE,-,99
Triclocarban,101-20-2,100
METHYL EUGENOL,93-15-2,102
ABIES ALBA CONE EXTRACT,90028-76-5,103
ABIES ALBA CONE OIL,90028-76-5,103
ABIES ALBA NEEDLE EXTRACT,90028-76-5,103
ABIES ALBA NEEDLE OIL,90028-76-5,103
ABIES ALBA LEAF CERA,90028-76-5,103
ABIES ALBA LEAF OIL,90028-76-5,103
ABIES PECTINATA OIL,92128-34-2,105
ABIES PECTINATA NEEDLE EXTRACT,92128-34-2,105
ABIES PECTINATA NEEDLE OIL,92128-34-2,105
ABIES PECTINATA LEAF EXTRACT,92128-34-2,105
ABIES SIBIRICA OIL,91697-89-1,106
ABIES SIBIRICA NEEDLE EXTRACT,91697-89-1,106
ABIES SIBIRICA NEEDLE OIL,91697-89-1,106
ABIES BALSAMEA BALSAM EXTRACT,85085-34-3,107
ABIES BALSAMEA NEEDLE EXTRACT,85085-34-3,107
ABIES BALSAMEA RESIN,85085-34-3,107
ABIES BALSAMEA EXTRACT,85085-34-3,107
ABIES BALSAMEA NEEDLE OIL,85085-34-3,107
PINUS MUGO PUMILIO TWIG LEAF EXTRACT,90082-73-8,108
PINUS MUGO PUMILIO TWIG LEAF OIL,90082-73-8,108
PINUS MUGO TWIG LEAF EXTRACT,90082-72-7,109
PINUS MUGO TWIG OIL,90082-72-7,109
PINUS MUGO LEAF OIL,90082-72-7,109
PINUS SYLVESTRIS LEAF EXTRACT,84012-35-1,110
PINUS SYLVESTRIS TWIG LEAF EXTRACT,84012-35-1,110
PINUS SYLVESTRIS TWIG LEAF OIL,84012-35-1,110
PINUS SYLVESTRIS BARK EXTRACT,84012-35-1,110
PINUS SYLVESTRIS BUD EXTRACT,84012-35-1,110
PINUS SYLVESTRIS LEAF OIL,84012-35-1,110
PINUS SYLVESTRIS LEAF WATER,84012-35-1,110
PINUS SYLVESTRIS CONE EXTRACT,84012-35-1,110
PINUS SYLVESTRIS OIL,84012-35-1,110
PINUS NIGRA TWIG LEAF EXTRACT,90082-74-9,111
PINUS NIGRA TWIG LEAF OIL,90082-74-9,111
PINUS NIGRA BUD/NEEDLE EXTRACT,90082-74-9,111
PINUS PALUSTRIS LEAF EXTRACT,97435-14-8 -- 8002-09-3,112
PINUS PALUSTRIS TWIG LEAF EXTRACT,97435-14-8 -- 8002-09-3,112
PINUS PALUSTRIS TWIG LEAF OIL,97435-14-8 -- 8002-09-3,112
PINUS PALUSTRIS OIL,97435-14-8 -- 8002-09-3,112
PINUS PINASTER TWIG LEAF EXTRACT,90082-75-0,113
PINUS PINASTER TWIG LEAF OIL,90082-75-0,113
PINUS PUMILA TWIG LEAF EXTRACT,97676-05-6,114
PINUS PUMILA TWIG LEAF OIL,97676-05-6,114
PINUS SPECIES TWIG LEAF EXTRACT,94266-48-5,115
PINUS SPECIES TWIG LEAF OIL,94266-48-5,115
PINUS STROBUS BARK EXTRACT,94266-48-5,115
PINUS STROBUS CONE EXTRACT,94266-48-5,115
PINUS STROBUS TWIG OIL,94266-48-5,115
PINUS CEMBRA TWIG LEAF EXTRACT,92202-04-5,116
PINUS CEMBRA TWIG LEAF OIL,92202-04-5,116
PINUS CEMBRA TWIG LEAF EXTRACT ACETYLATED,94334-26-6,117
PICEA MARIANA LEAF EXTRACT,91722-19-9,118
PICEA MARIANA LEAF OIL,91722-19-9,118
THUJA OCCIDENTALIS STEM OIL,90131-58-1,119
THUJA OCCIDENTALIS LEAF,90131-58-1,119
THUJA OCCIDENTALIS ROOT EXTRACT,90131-58-1,119
THUJA OCCIDENTALIS BARK EXTRACT,90131-58-1,119
THUJA OCCIDENTALIS LEAF EXTRACT,90131-58-1,119
THUJA OCCIDENTALIS LEAF OIL,90131-58-1,119
3-CARENE,13466-78-9,121
CEDRUS ATLANTICA WOOD EXTRACT,92201-55-3,122
CEDRUS ATLANTICA WOOD OIL,92201-55-3,122
CEDRUS ATLANTICA BARK EXTRACT,92201-55-3,122
CEDRUS ATLANTICA BARK OIL,92201-55-3,122
CEDRUS ATLANTICA BARK WATER,92201-55-3,122
CEDRUS ATLANTICA LEAF EXTRACT,92201-55-3,122
CUPRESSUS SEMPERVIRENS CONE EXTRACT,84696-07-1,123
CUPRESSUS SEMPERVIRENS LEAF EXTRACT,84696-07-1,123
CUPRESSUS SEMPERVIRENS BARK EXTRACT,84696-07-1,123
CUPRESSUS SEMPERVIRENS FRUIT EXTRACT,84696-07-1,123
CUPRESSUS SEMPERVIRENS LEAF WATER,84696-07-1,123
CUPRESSUS SEMPERVIRENS LEAF/NUT/STEM OIL,84696-07-1,123
CUPRESSUS SEMPERVIRENS LEAF/STEM EXTRACT,84696-07-1,123
CUPRESSUS SEMPERVIRENS SEED EXTRACT,84696-07-1,123
CUPRESSUS SEMPERVIRENS LEAF OIL,84696-07-1,123
CUPRESSUS SEMPERVIRENS OIL,84696-07-1,123
TURPENTINE,9005-90-7; 8006-64-2; 8052-14-0,124
TERPENE ALCOHOLS ACETATES,69103-01-1,127
TERPENE HYDROCARBONS,68956-56-9,128
TERPENES AND TERPENOIDS,65996-98-7,129
l-beta-PINENE,68917-63-5,130
beta-PINENES,68917-63-5,130
l-alpha-PINENE,68917-63-5,130
TERPENES AND TERPENOIDS SINPINE,68917-63-5,130
ALPHA-TERPINENE,99-86-5,131
gamma-TERPINENE,99-85-4,132
TERPINOLENE,586-62-9,133
ACETYL HEXAMETHYL INDAN,15323-35-0,134
ALLYL BUTYRATE,2051-78-7,135
ALLYL CINNAMATE,1866-31-5,136
ALLYL CYCLOHEXYLACETATE,4728-82-9,137
ALLYL CYCLOHEXYLPROPIONATE,2705-87-5,138
ALLYL HEPTANOATE,142-19-8,139
ALLYL CAPROATE,123-68-2,140
ALLYL ISOVALERATE,2835-39-4,141
ALLYL OCTANOATE,4230-97-1,142
ALLYL PHENOXYACETATE,7493-74-5,143
ALLYL PHENYLACETATE,1797-74-6,144
ALLYL 3,71500-37-3,145
5-TRIMETHYLHEXANOATE,71500-37-3,145
ALLYL CYCLOHEXYLOXYACETATE,68901-15-5,146
ISOAMYL ALLYLGLYCOLATE,67634-00-8,147
ALLYL 2-METHYLBUTOXYACETATE,67634-01-9,148
ALLYL NONANOATE,7493-72-3,149
ALLYL PROPIONATE,2408-20-0,150
ALLYL PHENETHYL ETHER,14289-65-7,151a
ALLYL TRIMETHYLHEXANOATE,68132-80-9,151
ALLYL HEPTINE CARBONATE,73157-43-4,152
AMYLCYCLOPENTENONE,25564-22-1,153
MYROXYLON PEREIRAE RESIN,8007-00-9,154
MYROXYLON BALSAMUM PEREIRAE BALSAM EXTRACT,8007-00-9,154
MYROXYLON BALSAMUM PEREIRAE BALSAM OIL,8007-00-9,154
MYROXYLON PEREIRAE OIL,8007-00-9,154
MYROXYLON PEREIRAE RESIN EXTRACT,8007-00-9,154
4-tert-BUTYLDIHYDROCINNAMALDEHYDE,18127-01-0,155
CUMINUM CYMINUM FRUIT EXTRACT,84775-51-9,156
CUMINUM CYMINUM FRUIT OIL,84775-51-9,156
CUMINUM CYMINUM SEED EXTRACT,84775-51-9,156
CUMINUM CYMINUM SEED OIL,84775-51-9,156
CUMINUM CYMINUM SEED POWDER,84775-51-9,156
alpha-DAMASCONE,43052-87-5,157
DELTA-DAMASCONE,43052-87-5,157
trans-ROSE KETONE-5,39872-57-6,159
ROSE KETONE-5,33673-71-1,164
trans-2-HEXENAL,6728-26-3,166
PERILLALDEHYDE,2111-75-3,169
ISOBERGAMATE,68683-20-5,170
SCENTENAL,86803-90-9,171
3-METHYLNON-2-ENENITRILE,53153-66-5,172
METHYL OCTINE CARBONATE,111-80-8,173
AMYLVINYLCARBINYL ACETATE,2442-10-6,174
3-Propylidenephthalide,17369-59-4,175
ISOCYCLOGERANIOL,68527-77-5,176
2-HEXYLIDENECYCLOPENTANONE,17373-89-6,177
METHYLHEPTADIENONE,1604-28-0,178
p-METHYLHYDROCINNAMIC ALDEHYDE,5406-12-2,179
LIQUIDAMBAR ORIENTALIS BALSAM OIL,94891-27-7,180
LIQUIDAMBAR ORIENTALIS RESIN EXTRACT,94891-27-7,180
LIQUIDAMBAR STYRACIFLUA BALSAM EXTRACT,8046-19-3 - 94891-28-8,181
LIQUIDAMBAR STYRACIFLUA OIL,8046-19-3 - 94891-28-8,181
ACETYL HEXAMETHYL TETRALIN,21145-77-7 - 1506-02-1,182
COMMIPHORA ERYTHREA GLABRESCENS GUM OIL,93686-00-1,183
COMMIPHORA ERYTHREA GLABRESCENS GUM EXTRACT,93686-00-1,183
OPOPONAX OIL,93686-00-1,183
OPOPANAX CHIRONIUM RESIN EXTRACT,93384-32-8,184
OPOPANAX CHIRONIUM RESIN STEAM-DISTILLED OIL,93384-32-8,184
TOLUENE,108-88-3,185
BIS-ISOBUTYL PEG-14/AMODIMETHICONE COPOLYMER,111-46-6,186
DIETHYLENE GLYCOL/DMAP ACRYLAMIDE/PEG-180/HDI COPOLYMER,111-46-6,186
LAURYL DIMETHICONE PEG-15 CROSSPOLYMER,111-46-6,186
PEG-10/LAURYL DIMETHICONE CROSSPOLYMER,111-46-6,186
PEG-90/POLYEPSILON CAPROLACTONE,111-46-6,186
PEG-15/LAURYL DIMETHICONE CROSSPOLYMER,111-46-6,186
METHOXY PEG-100/POLYEPSILON CAPROLACTONE,111-46-6,186
METHOXY PEG-114/POLYEPSILON CAPROLACTONE,111-46-6,186
BIS-ISOBUTYL PEG-15/AMODIMETHICONE COPOLYMER,111-46-6,186
DIETHYLENE GLYCOL,111-46-6,186
DIETHYLENE GLYCOL/DIMER DILINOLEIC ACID COPOLYMER,111-46-6,186
LAURYL DIMETHICONE PEG-10 PHOSPHATE,111-46-6,186
EPSILON CAPROLACTONE PEG/PPG-23/34 COPOLYMER,111-46-6,186
PEG/PPG-18/6 DIMETHICONE,111-46-6,186
BIS-ISOBUTYL PEG/PPG-10/7/DIMETHICONE COPOLYMER,111-46-6,186
BIS-ISOBUTYL PEG-24/PPG-7/DIMETHICONE COPOLYMER,111-46-6,186
BIS-ISOBUTYL PEG/PPG-20/35/AMODIMETHICONE COPOLYMER,111-46-6,186
BUTOXYDIGLYCOL,112-34-5,187
BUTOXYETHANOL,111-76-2,188
CI 19140,1934-21-0 - 12225-21-7,189
ACID YELLOW 23,1934-21-0 - 12225-21-7,189
ACID YELLOW 23 ALUMINUM LAKE,1934-21-0 - 12225-21-7,189
ACID BLUE 9,3844-45-9 - 2650-18-2 - 68921-42-6,190
CI 42090,3844-45-9 - 2650-18-2 - 68921-42-6,190
ACID BLUE 9 ALUMINUM LAKE,3844-45-9 - 2650-18-2 - 68921-42-6,190
ACID BLUE 9 AMMONIUM SALT,3844-45-9 - 2650-18-2 - 68921-42-6,190
CI 16035,25956-17-6,191
CURRY RED,25956-17-6,191
CI 16255,2611-82-7 - 12227-64-4,192
ACID RED 18,2611-82-7 - 12227-64-4,192
ACID RED 18 ALUMINUM LAKE,2611-82-7 - 12227-64-4,192
ACID RED 52,3520-42-1,193
CI 45100,3520-42-1,193
CI 45100/ ACID RED 52,3520-42-1,193
GLYOXAL,107-22-2,194
ACID BLUE 62,4368-56-3,195
CI 62045,4368-56-3,195
HC BLUE NO. 11,23920-15-2,196
Lippia citriodora absolute,8024-12-2,196
ETHYL LAUROYL ARGINATE HCL,60372-77-2,197
"N,N-bis(2-Hydroxyethyl)- p-Phenylenediamine Sulfate",54381-16-7,198
4- CHLORORESORCINOL,95-88-5,199
HC VIOLET No. 2,104226-19-9,200
TETRAAMINOPYRIMIDINE SULFATE,5392-28-9,200
2-CHLORO-6-ETHYLAMINO-4-NITROPHENOL,131657-78-8,201
"1,3-BIS-(2,4-DIAMINOPHENOXY)PROPANE",81892-72-0 - 74918-21-1,202
6-METHOXY-2-METHYLAMINO-3-AMINOPYRIDINE HCl,90817-34-8,203
DIHYDROXYINDOLINE,29539-03-5 - 138937-28-7,204
DIHYDROXYINDOLINE HBr,29539-03-5 - 138937-28-7,204
4-HYDROXYPROPYLAMINO-3-NITROPHENOL,92952-81-3,205
HYDROXYETHYL-P-PHENYLENE-DIAMINE SULFATE,93841-25-9,206
DIHYDROXY-INDOLE,3131-52-0,207
HC ORANGE NO. 2,85765-48-6,208
5-Amino-4-Chloro-o-Cresol HCl,110102-85-7,208
6-Hydroxy-indole,2380-86-1,209
ISATIN,91-56-5,210
2-AMINO-3-HYDROXYPYRIDINE,16867-03-1,211
1-Acetoxy-2-Methylnaph-thalene,5697-02-9,212
2-Methyl-1-Naphthol,7469-77-4,213
CI 10316,846-70-8,214
4-AMINO-3-NITROPHENOL,610-81-1,215
7-NAPHTHALENEDIOL,582-17-2,216
M-AMINOPHENOL,591-27-5,217
M-AMINOPHENOL HCL,591-27-5,217
M-AMINOPHENOL SULFATE,591-27-5,217
6-DIHYDROXY-3,84540-47-6,218
4-DIMETHYLPYRIDINE,84540-47-6,218
4-HYDROXYPROPYLAMINO-3-NITROPHENOL,92952-81-3,219
HC BLUE NO. 11,23920-15-2,220
Hydroxyethyl-2-Nitro-p-Toluidine,100418-33-5,221
2-HYDROXYETHYL PICRAMIC ACID,99610-72-7,222
P-METHYLAMINOPHENOL,150-75-4 - 55-55-0 - 1936-57-8,223
P-METHYLAMINOPHENOL SULFATE,150-75-4 - 55-55-0 - 1936-57-8,223
HC VIOLET No. 2,104226-19-9,224
HC BLUE NO. 12,104516-93-0 - 132885-85-9,225
3-AMINO-2,61693-42-3 - 61693-43-4,227
4-DICHLOROPHENOL,61693-42-3 - 61693-43-4,227
4-DICHLOROPHENOL HCL,61693-42-3 - 61693-43-4,227
PHENYL METHYL PYRAZOLONE,89-25-8,228
2-METHYL-5-HYDROXYETHYLAMINOPHENOL,55302-96-0,229
HYDROXYBENZOMORPHOLINE,26021-57-8,230
HC YELLOW NO. 10,109023-83-8,231
6-DIMETHOXY-3,56216-28-5 - 85679-78-3,232
5-PYRIDINEDIAMINE HCL,56216-28-5 - 85679-78-3,232
HC VIOLET NO. 1,82576-75-8,234
3-METHYLAMINO-4-NITROPHENOXYETHANOL,59820-63-2,235
2-HYDROXYETHYLAMINO-5-NITROANISOLE,66095-81-6,236
HC RED NO. 13,29705-39-3 - 94158-13-1,237
5-NAPHTHALENEDIOL,83-56-7,238
HYDROXYPROPYL BIS(N-HYDROXYETHYL-P-PHENYLENEDIAMINE) HCL,128729-30-6 -- 128729-28-2,239
4-Nitro-o-Phenylenediamine,99-56-9,240
4-AMINO-2-HYDROXYTOLUENE,2835-95-2,241
4-DIAMINOPHENOXYETHANOL HCL,70643-19-5,242
4-DIAMINOPHENOXYETHANOL SULFATE,70643-19-5,242
2-METHYLRESORCINOL,608-25-3,243
4-AMINO-M-CRESOL,2835-99-6,244
2-AMINO-4-HYDROXYETHYLAMINOANISOLE,83763-47-7,245
2-AMINO-4-HYDROXYETHYLAMINOANISOLE SULFATE,83763-47-7,245
HYDROXYETHYL-3,94158-14-2,246
4-METHYLENEDIOXYANILINE HCL,94158-14-2,246
HC BLUE NO. 2,33229-34-4,247
3-NITRO-P-HYDROXYETHYLAMINOPHENOL,65235-31-6,248
4-NITROPHENYL AMINOETHYLUREA,27080-42-8,249
HC RED NO. 10,95576-89-9 - 95576-92-4,250
HC RED NO. 11,95576-89-9 - 95576-92-4,250
HC Red No 10+ HC Red No 11,9556-89-9 - 95576-92-4,250
2-CHLORO-6-ETHYLAMINO-4-NITROPHENOL,131657-78-8,251
HC RED NO 7,24905-87-1,251
2-AMINO-6-CHLORO-4-NITROPHENOL,6358-09-4,252
HC YELLOW NO. 4,59820-43-8,253
HC Yellow No 4,59820-43-8,253
CI 17200,3567-66-6,254
ACID RED 33,3567-66-6,254
HC Yellow No 2,4926-55-0,255
HC Orange No 1,54381-08-7,256
LAURETH-9,3055-99-0,257
HC Red No 1,2784-89-6,258
HC Yellow No 9,86419-69-4,259
HC Yellow No 7,104226-21-3,260
HC Yellow No 13,10442-83-8,261
BASIC YELLOW 57,68391-31-1,262
Disperse Black 9,20721-50-0,263
HC Blue No 14,99788-75-7,264
DISPERSE VIOLET 1,128-95-0,265
HC RED No 3,2871-01-4,266
BASIC RED 76,68391-30-0,267
2-Amino-5- Ethylphenol HCl,-,269
BASIC RED 51,77061-58-6,269
CI 45410,18472-87-2,270
ACID RED 92,18472-87-2,270
"(3) 1,4-bis[(3- hydroxypropyl)amino]anthra- 9,10-quinone",(1) 4471-41-4,271
P-AMINOPHENOL,123-30-8,272
"1-Hydroxyethyl-4,5- Diamino Pyrazole Sulfate",155601-30-2,273
4-Formyl-1-Methylquinolinium-p-Toluenesulfonate,223398-02-5,274
Basic Yellow 87,68259-00-7,275
BASIC ORANGE 31,97404-02-9,276
"2,6-Diamino-3- ((Pyridine-3-yl)azo)Pyridine",28365-08-4,277
BASIC VIOLET 2,3248-91-7,278
"2,3-Diaminodihydropyrazolopyrazolone Dimethosulfonate",857035-95-1,279
Picramic Acid and Sodium Picramate,96-91-3,280
2-Nitro-5-Glyceryl Methylaniline,80062-31-3,281
HC Blue 16,502453-61-4,282
5-Amino-6-Chloro-o- Cresol,84540-50-1,283
5-Amino-6-Chloro-o- Cresol HCl,84540-50-1,283
2'-METHYLENEBIS-4-AMINOPHENOL HCL,27311-52-0,284
"2,6-Diaminopyridine",141-86-6,285
CETRIMONIUM CHLORIDE (1),112-02-7,286
STRARTRIMONIUM CHLORIDE (1),112-02-7,286
BEHENTRIMONIUM CHLORIDE (1),17301-53-0,287
HC Blue No 17,16517-75-2,288
HC BLUE NO 15,74578-10-2,289
ACID GREEN 25,4403-90-1,290
ACID VIOLET 43,4430-18-6,291
2-METHOXYMETHYL-P-PHENYLENEDIAMINE SULFATE,337906-36-2 ; 337906-37-3,292
2-METHOXYMETHYL-P-PHENYLENEDIAMINE,337906-36-2 ; 337906-37-3,292
Disperse Red 17,3179-89-3,294
Acid Black 1,1064-48-8,295
Pigment Red 57,5858-81-1,296
ETHOXYDIGLYCOL,111-90-0,297
HC RED NO 17,1449471-67-3,298
HC YELLOW NO 17,1450801-55-4,299
"1-HEXYL 4,5-DIAMINO PYRAZOLE SULFATE",1361000-03-4,300
"2,5,6-TRIAMINO- 4-PYRIMIDINOL SULFATE",1603-02-7,301
HYDROXYETHOXY AMINOPYRAZOLOPYRIDINE HCL,1079221-49-0,302
"3-AMINO-2,6- DIMETHYLPHENOL",6994-64-5,303
BASIC BROWN 17,68391-32-2,304
BASIC BLUE 124,67846-56-4,305
ARACHIS HYPOGAEA OIL,8002-03-7; 68425-36-5; 91051-35-3; 91744-77-3; 68440-49-3; 93572-05-5; 61789-56-8; 61789-57-9; 73138-79-1,306
ARACHIS HYPOGAEA SEEDCOAT EXTRACT,8002-03-7; 68425-36-5; 91051-35-3; 91744-77-3; 68440-49-3; 93572-05-5; 61789-56-8; 61789-57-9; 73138-79-1,306
ARACHIS HYPOGAEA FLOUR,8002-03-7; 68425-36-5; 91051-35-3; 91744-77-3; 68440-49-3; 93572-05-5; 61789-56-8; 61789-57-9; 73138-79-1,306
ARACHIS HYPOGAEA FRUIT EXTRACT,8002-03-7; 68425-36-5; 91051-35-3; 91744-77-3; 68440-49-3; 93572-05-5; 61789-56-8; 61789-57-9; 73138-79-1,306
ARACHIS HYPOGAEA SPROUT EXTRACT,8002-03-7; 68425-36-5; 91051-35-3; 91744-77-3; 68440-49-3; 93572-05-5; 61789-56-8; 61789-57-9; 73138-79-1,306
HYDROGENATED PEANUT OIL,8002-03-7; 68425-36-5; 91051-35-3; 91744-77-3; 68440-49-3; 93572-05-5; 61789-56-8; 61789-57-9; 73138-79-1,306
PEANUT ACID,8002-03-7; 68425-36-5; 91051-35-3; 91744-77-3; 68440-49-3; 93572-05-5; 61789-56-8; 61789-57-9; 73138-79-1,306
PEANUT GLYCERIDES,8002-03-7; 68425-36-5; 91051-35-3; 91744-77-3; 68440-49-3; 93572-05-5; 61789-56-8; 61789-57-9; 73138-79-1,306
PEANUT OIL PEG-6 ESTERS,8002-03-7; 68425-36-5; 91051-35-3; 91744-77-3; 68440-49-3; 93572-05-5; 61789-56-8; 61789-57-9; 73138-79-1,306
PEANUTAMIDE MEA,8002-03-7; 68425-36-5; 91051-35-3; 91744-77-3; 68440-49-3; 93572-05-5; 61789-56-8; 61789-57-9; 73138-79-1,306
PEANUTAMIDE MIPA,8002-03-7; 68425-36-5; 91051-35-3; 91744-77-3; 68440-49-3; 93572-05-5; 61789-56-8; 61789-57-9; 73138-79-1,306
POTASSIUM PEANUTATE,8002-03-7; 68425-36-5; 91051-35-3; 91744-77-3; 68440-49-3; 93572-05-5; 61789-56-8; 61789-57-9; 73138-79-1,306
SODIUM PEANUTAMPHOACETATE,8002-03-7; 68425-36-5; 91051-35-3; 91744-77-3; 68440-49-3; 93572-05-5; 61789-56-8; 61789-57-9; 73138-79-1,306
SODIUM PEANUTATE,8002-03-7; 68425-36-5; 91051-35-3; 91744-77-3; 68440-49-3; 93572-05-5; 61789-56-8; 61789-57-9; 73138-79-1,306
SULFATED PEANUT OIL,8002-03-7; 68425-36-5; 91051-35-3; 91744-77-3; 68440-49-3; 93572-05-5; 61789-56-8; 61789-57-9; 73138-79-1,306
HYDROLYZED WHEAT PROTEIN,94350-06-8,307
Tagetes minuta flower extract; Tagetes minuta flower oil,91770-75-1; 91770-75-1,308
Tagetes patula flower extract; Tagetes patula flower oil,91722-29-1; 91722-29-1,309
CLIMBAZOLE,38083-17-9;,310
FURFURAL,98-01-1,312
HEMA,868-77-9,313
DI-HEMA TRIMETHYLHEXYL DICARBAMATE,41137-60-4,314
DIMETHYLPIPERAZINIUM AMINOPYRAZOLOPYRIDINE HCL,1256553-33-9,315
METHYLIMIDAZOLIUMPROPYL P-PHENYLENEDIAMINE HCL,220158-86-1,316
HC ORANGE NO. 6,1449653-83-1,317
ACID ORANGE 7,633-96-5,318
TETRABROMOPHENOL BLUE,4430-25-5,319
INDIGOFERA TINCTORIA EXTRACT,84775-63-3,320
INDIGOFERA TINCTORIA LEAF,84775-63-3,320
INDIGOFERA TINCTORIA LEAF EXTRACT,84775-63-3,320
INDIGOFERA TINCTORIA LEAF POWDER,84775-63-3,320
TITANIUM DIOXIDE,13463-67-7,321
DIHYDROXYACETONE,96-26-4,322
METHYL N-METHYLANTHRANILATE,85-91-6,323
METHYL SALICYLATE,119-36-8,324
BHT,128-37-0,325
CI 47005,8004-92-0,326
Acetyl Cedrene,32388-55-9,327
AMYL SALICYLATE,2050-08-0,328
ANETHOLE,104-46-1,329
Benzaldehyde,100-52-7,330
CAMPHOR,76-22-2,331
beta-CARYOPHYLLENE,87-44-5,332
CARVONE,99-49-0,333
Dimethyl Phenethyl Acetate,151-05-3,334
HEXADECANOLACTONE,109-29-5,335
HEXAMETHYLINDANOPYRAN,1222-05-5,336
LINALYL ACETATE,115-95-7,337
MENTHOL,89-78-1,338
Trimethylcyclopentenyl Methylisopentenol,67801-20-1,339
SALICYLALDEHYDE,90-02-8,340
SANTALOL,11031-45-1,341
SCLAREOL,515-03-7,342
TERPINEOL,8000-41-7,343
TETRAMETHYL ACETYLOCTAHYDRONAPHTHALENES,54464-57-2,344
TRIMETHYLBENZENEPROPANOL,103694-68-4,345
VANILLIN,121-33-5,346
CANANGA ODORATA FLOWER EXTRACT,83863-30-3,347
CANANGA ODORATA FLOWER OIL,83863-30-3,347
CINNAMOMUM CASSIA LEAF OIL,8007-80-5,348
CINNAMOMUM ZEYLANICUM BARK OIL,8015-91-6,349
CITRUS AURANTIUM DULCIS FLOWER OIL,72968-50-4,350
CITRUS AURANTIUM AMARA FLOWER OIL,72968-50-4,350
CITRUS AURANTIUM AMARA PEEL OIL,68916-04-1,351
CITRUS AURANTIUM DULCIS PEEL OIL,68916-04-1,351
Citrus Sinensis Peel Oil,68916-04-1,351
CITRUS AURANTIUM BERGAMIA PEEL OIL,8007-75-8 89957-91-5 68648-33-9,352
CITRUS LIMON PEEL OIL,-,353
CYMBOPOGON CITRATUS LEAF OIL,8007-02-1,354
CYMBOPOGON FLEXUOSUS OIL,8007-02-1,354
CYMBOPOGON SCHOENANTHUS OIL,8007-02-1,354
EUCALYPTUS GLOBULUS LEAF OIL,97926-40-4,355
EUCALYPTUS GLOBULUS LEAF/TWIG OIL,97926-40-4,355
EUGENIA CARYOPHYLLUS BUD OIL,8000-34-8,356
EUGENIA CARYOPHYLLUS LEAF OIL,8000-34-8,356
EUGENIA CARYOPHYLLUS STEM OIL,8000-34-8,356
EUGENIA CARYOPHYLLUS FLOWER OIL,8000-34-8,356
JASMINUM OFFICINALE OIL,84776-64-7,357
JASMINUM GRANDIFLORUM FLOWER EXTRACT,84776-64-7,357
JASMINUM OFFICINALE FLOWER EXTRACT,84776-64-7,357
JUNIPERUS VIRGINIANA WOOD OIL,8000-27-9,358
JUNIPERUS VIRGINIANA OIL,8000-27-9,358
LAURUS NOBILIS LEAF OIL,8002-41-3,359
LAVANDULA ANGUSTIFOLIA OIL,91722-69-9,360
LAVANDULA HYBRIDA EXTRACT,91722-69-9,360
LAVANDULA HYBRIDA OIL,91722-69-9,360
LAVANDULA INTERMEDIA EXTRACT,91722-69-9,360
LAVANDULA INTERMEDIA OIL,91722-69-9,360
LAVANDULA ANGUSTIFOLIA EXTRACT,91722-69-9,360
MENTHA PIPERITA OIL,8006-90-4,361
MENTHA VIRIDIS LEAF OIL,8008-79-5,362
NARCISSUS JONQUILLA EXTRACT,90064-26-9,363
NARCISSUS TAZETTA EXTRACT,90064-26-9,363
NARCISSUS POETICUS EXTRACT,90064-26-9,363
NARCISSUS PSEUDONARCISSUS FLOWER EXTRACT,90064-26-9,363
PELARGONIUM GRAVEOLENS FLOWER OIL,90082-51-2,364
PELARGONIUM GRAVEOLENS OIL,90082-51-2,364
PELARGONIUM GRAVEOLENS LEAF OIL,90082-51-2,364
POGOSTEMON CABLIN OIL,8014-09-3,365
ROSA ALBA FLOWER EXTRACT,8007-01-0,366
ROSA CANINA FLOWER OIL,8007-01-0,366
ROSA GALLICA FLOWER OIL,8007-01-0,366
ROSA CENTIFOLIA FLOWER EXTRACT,8007-01-0,366
ROSA CENTIFOLIA FLOWER OIL,8007-01-0,366
ROSA DAMASCENA FLOWER EXTRACT,8007-01-0,366
ROSA DAMASCENA FLOWER OIL,8007-01-0,366
ROSA MOSCHATA OIL,8007-01-0,366
ROSA RUGOSA FLOWER OIL,8007-01-0,366
ROSA ALBA FLOWER OIL,8007-01-0,366
SANTALUM ALBUM OIL,8006-87-9,367
"Phenol, 2-methoxy- 4-(2-propenyl)-, acetate",93-28-7,368
GERANYL ACETATE,105-87-3,369
ISOEUGENYL ACETATE,93-29-8,370
PINENE,80-56-8,371
HYDROXYAPATITE,1306-06-5,372
GENISTEIN,446-72-0,373
DAIDZEIN,486-66-8,374
KOJIC ACID,501-30-4,375
RETINOL,11103-57-4,376
RETINYL ACETATE,11103-57-4,376
RETINYL PALMITATE,11103-57-4,376
ALPHA-ARBUTIN,84380-01-8,377
ARBUTIN,497-76-7,378
Silver,7440-22-4,379
HEXYL SALICYLATE,6259-76-3,380
Acetylated Vetiveria Zizanioides Root Extract,84082-84-8,382
Acetylated Vetiveria Zizanioides Root Oil,84082-84-8,382
HC Blue No 18,1166834-57-6,383
HYDROXYPROPYL-P-PHENYLENEDIAMINE HCL,73793-79-0,384
HYDROXYPROPYL-P-PHENYLENEDIAMINE,73793-79-0,384
HC Yellow No 16,1184721-10-5,385
HC Red No 18,1444596-49-9,386
